,TTF0,TTF1,TTF2,TTF3,TTF4
0,202820.32210731567,221350.72489951213,282404.43879032996,263730.3501926061,299961.4619031105
1,253738.2130619226,170735.5640158733,315252.0927880587,258569.57998106573,156814.5930037775
2,254607.93144155113,184850.8704738893,292272.05778962065,215282.84071440747,387430.29945150815
3,230619.85769696906,344218.0248832348,344179.73057736404,214113.0766340804,478982.749582952
4,271132.5299286669,198051.0779968107,193752.69174072592,287309.01964729757,382333.7315934664
5,316011.087282086,209324.2286127809,309202.9781865449,220258.24504930998,244678.16429595117
6,148676.48535833327,242134.0947367651,195541.727913144,435711.31099647854,169229.31686190586
7,210180.90090903887,156766.26573007496,242648.61165843235,193864.16623012818,439002.1293571431
8,209088.61613189362,230451.24289114852,263104.5873104951,213694.7198801283,317599.68384899356
9,236780.4892406147,224258.9062834965,376088.1635039998,300878.6543960833,259653.31638974484
10,474316.9605772191,174440.38274572155,237171.17902241595,291880.5172552087,384653.67667305574
11,105794.46352886548,182197.14912405977,238682.96504997986,243977.36723168948,320698.59698403266
12,200162.01273045066,157190.7976402855,265523.1330855365,224962.0827498568,381146.7448490223
13,254451.04340783466,227946.40649190964,256891.8427127096,371252.0521410216,373006.4397981015
14,128984.39814881474,167988.6789024725,354288.60744839034,269344.79961423087,329289.5738597687
15,77931.76560393353,259339.9044990623,237385.4386688267,346356.1771007207,355491.3670080099
16,160365.63806712505,348623.9717341964,219618.19436306742,351750.27006164886,231531.53032451865
17,266156.33808335866,348474.1315175417,320559.59502867813,376334.84797183564,296777.4811825472
18,151818.8565608912,226955.62336070044,297137.83239591256,238779.79294026244,443997.0107652169
19,257126.66685622933,236472.5090212322,278157.6536736032,226332.41736572236,313435.0446882747
20,174727.15467536682,325121.2991367634,278282.0896662149,205196.6682685382,266823.0370291075
21,147938.56059147447,326802.02186223096,288203.7235360495,232692.39266840424,289665.41488190915
22,239551.2664578122,290214.0057349102,368007.8541718502,161740.2018009475,174748.81306097485
23,184876.97814037706,314899.47416891303,504802.3440723439,356880.25671051716,397338.2964488954
24,172545.3641316453,318998.31372567476,226660.0769109613,305505.37727881933,245014.75973041524
25,203634.9673485243,171880.7995261018,311796.11003634287,316841.93407074246,290068.8823159949
26,228505.32737900803,140307.26501926276,216721.9350541565,232427.13875625958,245397.76651075092
27,310486.16401673877,329982.77625186817,255268.82718750698,240207.04378264298,401707.81991853705
28,170555.32295639452,232363.88625350693,197108.41153353485,238584.66084757587,239903.9278421092
29,223955.07345094057,198093.21509408977,300145.05640147754,264532.7981302133,265399.06526527577
30,208316.5123454993,228788.68345836445,231641.33938711978,262465.11702976475,283579.5904906976
31,166728.64107806198,124035.25144646635,226187.6080393454,300319.8630766984,183538.5806297756
32,263457.4092050166,386831.27312806353,177295.39251088558,196248.0860489364,273495.9021597196
33,158279.2846193239,316690.650927466,256200.81743144392,346362.8639765382,258721.82835701457
34,86979.28279771013,279565.577849598,293833.2688304611,177735.6572458024,319660.87431301584
35,215191.4170028658,250971.98372361797,340193.94551278406,278618.87796034024,384359.6835800488
36,385118.08118524053,423291.4496330543,359759.43799951766,406729.9514941289,244336.35946015385
37,330639.44152596465,423203.9223542477,119527.26068135444,457818.55858308997,257314.23223798195
38,360641.11496551917,209705.9932573816,206309.97041793316,179943.89029746037,225739.65472499531
39,244551.688133356,342350.2435706445,321400.5511423988,282660.5292831905,282130.2848649074
40,235296.63315938725,170879.02765478526,233841.58377713562,291370.18924288586,229978.30767239805
41,148520.69194356725,266034.7182315901,294139.0973828352,246873.5702982833,233760.36038352267
42,239050.22183462785,187764.5373419347,275809.7819663705,364206.8391923501,242573.60443270896
43,138051.14109435183,184023.17509749287,236924.22989098178,299494.44423565234,283983.31077488384
44,289054.49233330274,202749.28427230965,322681.4468429477,230698.41593585385,468369.8526303177
45,220708.00717075597,169435.89347999793,206351.75027666418,214458.56131652585,292803.73371931864
46,132203.15594629635,253898.00168038395,198314.09843023814,200999.8525242299,271405.4165825296
47,342530.99742087896,144469.4726178422,390841.875173909,200624.53375783344,296971.94848015555
48,165195.2942073462,210358.37361251214,205899.5997593954,341388.6738783192,230680.8234421554
49,258870.7688283441,233108.0694448476,419018.7413439529,335926.4466129313,270162.2680914191
50,387826.89067739935,195521.76612745295,310636.05814283545,447154.43656849297,382978.92905884323
51,273301.00852529367,277060.25680728565,205814.1631169442,274662.9309557439,283299.7843282916
52,73642.05439027984,280652.8965263917,224676.11030258704,272139.5874500434,342044.5861617644
53,232322.48005614,209567.870494125,301291.91446645866,330047.1754231795,334695.3726596397
54,248646.86555055564,99011.39999733955,260520.62097243732,206177.03951320815,357530.7285524528
55,249427.28746725334,150424.62358497808,233754.1676663315,249268.211350028,347226.90533640655
56,346290.7034382645,189590.109456345,228336.34225001774,195582.93331485376,261176.43321575323
57,228408.67826882534,300107.40752375,247844.7428792583,495655.0572947768,362260.2324811886
58,441605.4722512114,279999.0405401691,311210.33973380434,287476.9501393925,158857.07193200555
59,171541.83098231157,269671.7892530889,351187.83719642507,280989.52428247937,237321.48155639978
60,409323.9327849202,201642.36722440837,149411.99720864225,381997.8728755059,261266.23065689782
61,210797.64896413372,117536.07175350576,133127.108902793,265399.4757436338,275134.70693259826
62,83352.324277112,245778.14365470933,285204.79013261053,308532.14050219953,268270.1943228792
63,206468.0539370868,265021.95580174506,168953.39420462088,208262.54595936206,330760.22192414
64,314436.53764454013,228638.0571437582,354316.88715725264,247828.97071378384,303674.5812513048
65,277574.73280735034,206956.9146066421,295103.79807791405,284435.45754998084,321447.9857826957
66,173129.06401065327,181848.2233359696,171262.22958061198,273243.8161746616,181087.62247237717
67,70409.86254756097,382162.2498006408,226474.8344275699,176579.86455874523,308792.3861001119
68,153053.15080295806,177357.25579355154,166672.72103095584,308511.80320171185,239721.93514853666
69,192780.2193081126,323995.31376644917,251403.53457438952,184937.9386253631,319973.4160354491
70,201101.45703121126,193961.14719811318,255177.0327580325,353882.4206210673,297511.73629354395
71,192855.19715120774,307854.3749047902,153105.766804425,202276.35088605527,350291.72856436204
72,287385.800177477,271334.9689199994,276183.48312181805,218969.2146764514,230405.85848810905
73,135240.51512590362,406532.88478023035,248690.33961061176,205309.61924696065,216723.72417956535
74,196237.17501090933,399549.5201084779,476210.9528023578,344711.46302230307,334935.48524958396
75,169539.88185412923,256958.22400971962,217010.3662840214,290637.862813013,208975.7459123533
76,95338.25313622353,186120.41146357107,308935.6871678195,164369.77758582126,253941.06051156457
77,229602.5636964107,337692.8646440381,263302.6710494838,317456.346358954,206734.68700443505
78,222816.94794261488,394033.1329032373,366398.92823874415,261691.28118769586,456743.64017715
79,350228.9921704262,302867.673763952,271415.90009186615,291645.6311241219,434935.5529910143
80,155155.40927377815,221298.59094548484,283985.5486001287,343201.27440818003,210014.67886497724
81,244037.95614901808,267064.6918052352,159035.71314872167,183800.32199784374,358985.5749315155
82,162637.72658350578,175389.20856172463,178671.74332802778,332839.52815520467,228889.8060657662
83,319158.9793871072,173496.94253553206,249900.02218236253,218778.8470068572,255696.6961672004
84,264646.33814373787,171262.84489366913,259011.43836901424,346520.8878224107,488160.76043761685
85,251006.55178496442,201357.40359235447,337617.38396425487,370021.5158939151,251310.7427869859
86,350831.5114414174,191800.4853052685,348454.9298693417,446165.50953713956,248625.36905969967
87,170967.8287113399,262547.14512698725,332997.5928612954,242538.49977889945,414616.0145669677
88,266634.2801058619,189192.315837547,190940.9619907168,257897.88658515923,301937.8912400435
89,168116.38287011776,206334.0235726495,172261.4288935127,276883.4692443727,235909.43254321735
90,260229.23397898447,324565.6397204178,189284.40053079976,298607.5346285589,215548.82665437175
91,195082.0214730587,335149.65427249274,309653.55487033026,299426.4332378814,263117.63234011637
92,323068.81268226285,117103.68223299137,359756.5364336278,206678.95961124325,208881.99016968877
93,246361.96483409795,251633.1315126448,298564.09909134556,314758.01005426876,271303.8802706363
94,163231.57967102109,126926.43139608832,327201.10631220316,304216.639703574,398143.70654237445
95,229749.6057428114,299166.5300558649,269248.22718724405,247569.90459946846,348442.6733679508
96,155796.1992562684,304015.24849848915,286635.1450778141,176602.1660233025,382001.5409005938
97,184084.9925708613,328759.7342881437,382717.0088841487,235384.72040859706,274062.3589722125
98,181869.53116954624,354919.3439720555,134872.7200883935,450684.57590135105,345126.7013040368
99,304819.1927324167,278992.88619162305,298827.0930813424,178595.5422726227,259465.49050719553
100,198747.37113166985,211435.01296964526,387479.7177487391,282374.728258312,297732.74270001857
101,274573.2901415442,252844.33821905716,411607.02118957683,349649.94598562364,352657.8557463053
102,173560.11498052784,286089.98016842455,368722.23736062675,329468.81698829634,416399.15138689877
103,236160.55113820182,165387.17808875078,253030.11517492172,351042.7578312021,251050.62418500433
104,158058.36774517523,151804.29178957507,297457.51880054106,303711.8088250824,294196.4403505984
105,223431.8222086548,293633.82103545015,153924.75472493778,133396.84720803908,225494.7019827876
106,216310.5812402625,315329.0541626334,211357.52727538487,297932.2513197203,325029.1097706855
107,86691.202161732,224665.01126364036,291583.5638080156,204295.405850718,523565.3798385688
108,286996.2257553276,159842.38440325734,241671.08268722054,293003.5069937984,440116.500325902
109,243601.57560077377,135887.768684857,271811.3667725721,238058.49655047982,267661.3076671073
110,153976.57599690248,217082.29228130227,256940.55787575542,244773.7389659863,385076.465420347
111,269946.1176364669,285909.28291721083,232494.65810693873,260018.78520632943,371808.0956853379
112,230219.86666304708,167299.16213982907,250436.18186994552,150058.47022372702,236055.38908108752
113,405146.3492462499,301473.46886554104,167579.96956103132,230105.66609717155,440492.0885903174
114,240083.75435846447,309633.4795083444,302263.5047957454,267549.34236651234,339864.0708373147
115,257034.56301739256,334785.63294383197,268663.0300654216,344255.28296127194,409445.5661277586
116,210568.47659491142,219768.1975057646,208744.4153705881,318070.77844015753,218679.93755483688
117,222368.99325942577,278381.54392278346,221155.77361629868,245996.01895410707,207135.75846717495
118,213405.25718240184,313448.0265231599,252566.54119870006,260592.18592256817,272250.0223221192
119,305371.3948440637,307334.7313293308,235327.36935112037,345183.4709134069,294944.3987732255
120,238202.187291372,334673.19100061024,127952.47966095165,241719.54183901002,340860.9602982757
121,209549.9206506232,149409.71727402715,168590.98974704777,181205.40078996512,213072.95917566182
122,296941.7837648831,107470.17941251569,163607.96885154108,400917.8105024385,238307.3241412055
123,341484.9790211335,289500.7057491659,320551.3724286129,370733.72625629045,338722.3484980479
124,249211.9409565346,369978.90795389074,236436.32604914604,304081.0683025876,398593.88136050117
125,317900.88597162603,228087.29468781952,171056.95956322196,210916.96636617725,263375.3124890481
126,191230.1682700245,296589.9248613935,238854.42460930374,279671.8567353824,294884.3952530616
127,192146.25983980965,206039.72355683846,354396.8641659733,298885.1157758935,266368.43827307806
128,172921.7081189069,394541.9534982384,205015.47496938866,268041.89851588075,174219.1451074767
129,219459.23343530367,231694.03867037085,256131.75076710334,361028.02050815674,387272.74967539276
130,131782.86021413095,414080.69019575295,464884.8613255778,344162.7268538502,267014.3474336567
131,450631.48578268115,233613.3877078657,206481.45358119684,310329.17031150253,283740.73613543774
132,78528.57988234043,150909.5546873517,231203.84877565052,262184.36903147714,303062.4582247855
133,246171.66580259165,327712.1009046835,158024.4222530109,306947.8231173963,271513.778701007
134,71095.52890756771,261032.90799603425,283867.2310067562,281093.7726076074,316928.3980306806
135,246672.68887241415,196363.8461670673,259798.5032699668,208318.71836617478,425571.78753863066
136,340614.26836101076,331179.146205502,154543.31471748027,251850.41142652376,230829.7417864985
137,220221.65773018915,174221.11840189045,218190.33178550142,406579.26410395914,341661.56655627844
138,192055.08415979956,128227.09134008683,192094.27124326545,195156.77441757446,191031.66524426718
139,228609.44191068865,224322.78201604035,280321.10081922525,293511.7022252053,233041.83222750365
140,170331.8992463539,245336.34073436796,308151.0899369457,434615.9343095409,456801.6011873424
141,273530.0086152912,89638.30233177902,331767.00573025295,280540.8738427404,292322.524859578
142,113926.54797225537,295268.4257882057,399680.4355491781,239564.07472776,328100.71013945196
143,44242.0048183813,210321.69558809453,372081.2734355032,435716.2898206822,336561.5904111945
144,272762.91916106065,199295.554009113,329917.6944094612,184890.75465425025,270726.2541604453
145,144774.089933374,265229.9280661737,217235.64953543624,162942.88728612108,343249.7869071018
146,126301.67511403162,261952.80883216969,281422.0336989893,281479.8586127416,242073.05396449412
147,228135.20051009124,270206.3471871859,256228.64035933302,389861.5488908339,283085.7147991715
148,123592.8211142603,252657.37716476814,166085.02035729575,320447.70845104166,374324.09066237917
149,200531.20998887855,251423.73152717872,276602.85878925235,343832.6056592491,500072.82108699234
150,405043.5580320492,335192.47931315505,396509.93465663353,399193.9373663032,436292.13998608576
151,182400.06556038355,229523.88131442684,239219.22643811736,319252.2063883242,325756.7630397488
152,198726.56325218466,306476.0026358968,289616.2543726029,274340.1731674181,323542.185022418
153,233035.17589687582,372046.5068609647,240058.8687049427,283403.2812067193,282617.6690693902
154,289466.7086721851,318856.0649458465,244125.58001412803,324286.2403968647,259831.4602298739
155,180445.4490006693,209856.96818225304,260566.5458108782,347141.7460970231,217994.31938685352
156,135474.67689670634,247234.864425077,172417.58577229735,179623.95877152326,338176.8332247998
157,252861.96520012402,335118.7688038567,303942.4974721278,156842.95290774864,280051.12391736254
158,397159.5449877761,218606.74528233687,216732.2959878155,403736.1059365951,352706.3457971645
159,214912.63749650537,112590.14614638379,217763.13055591247,183815.6847183044,378335.72589706525
160,250833.05535638705,267571.09738929104,361992.7881909545,332687.33121660945,356390.20193399367
161,456176.9262731392,161316.41184415587,334891.3372957186,320431.84943017823,195488.3252048838
162,469663.6316276036,251590.27131842682,375277.3816836011,235853.31213926966,343233.920259217
163,356176.5573646696,318494.3776693188,240478.67691958937,201637.4511868697,347981.0655982493
164,245707.09001321674,261748.5560363515,348116.0845187804,325998.7541272254,483471.65990181355
165,94523.63883116304,142961.02950444908,221379.96999761503,282980.2925159037,335366.20111985406
166,281873.7129633542,173385.33094582966,363229.14973723283,237470.9147577327,268184.06677861814
167,255217.25189331602,189381.5004323212,226833.5450254527,264450.5525974011,334374.0453278568
168,239646.8310819637,252771.65903351517,307133.7943813587,317845.5058447944,309296.3210702136
169,276301.5161700346,145570.48485262235,245640.37108904665,236744.99420613196,327026.87242175103
170,417744.4720449792,449419.68666110106,296584.6435511251,265562.69397495105,300119.1462540597
171,269032.7459087062,254787.1439110392,226527.21844134392,214374.16597260922,308637.03193601675
172,189865.2109853844,197069.19570229924,380956.0555433348,315407.63665839756,223016.9311478901
173,297782.3622685863,229120.73002666427,150737.21763717203,266835.60476086277,234224.27308317856
174,209487.72320326744,203569.96411018335,276112.9087471766,414878.36584944447,370439.7122525167
175,245258.23860220896,143703.71977320846,316928.18127700314,233374.18099835305,280206.62112141564
176,255606.67805499386,381912.1437017956,209704.69939959672,212927.31962784406,171449.9643790394
177,231878.94291850267,301333.6696883153,389845.50174741395,272864.58635082515,224867.63879980464
178,253398.42725258454,225914.63945271051,250912.41757600094,225983.48111672894,297640.48826712207
179,165391.53676173778,265947.455570018,236138.91708862802,419891.56196039414,250162.8037007351
180,208278.75538876792,277579.1182556862,158607.77378746256,328242.55999568803,243415.059544505
181,83615.63437100576,174615.93616304608,258958.3912885318,236089.36779236782,216126.2881230115
182,39208.29426783475,262750.85586398933,174751.6100612442,270917.84122232883,223589.68250760462
183,158539.3689098997,250510.53044908398,263327.48978247296,278791.2947722028,266201.88166345854
184,219771.76474570262,211910.2422049974,201727.13309199928,387714.86486617406,307466.34881292365
185,181115.93767266575,256981.03114083837,231089.32950510416,299625.7625027011,325613.4429058851
186,107105.18163911764,243212.64124418405,451441.4510589354,176233.23738536393,196584.3234719276
187,211844.56474496896,203627.53834494206,243724.97992195011,227597.800603791,242077.55221082643
188,223830.12386548007,290210.3834089873,358152.9881724947,229456.5756051915,395661.3044361367
189,255938.7832525092,341871.4399071055,235192.8319981019,457448.0130541009,358699.7134211905
190,295859.06307085225,301684.79220639874,189690.73465728972,261208.75640803328,413527.5222276442
191,229285.7127315091,199185.3086008497,184790.4591885567,209847.7146517698,355404.78279584815
192,269794.19803003524,299468.84545824723,240888.27577099015,370656.8109824483,133916.37794147534
193,101425.43087820767,230527.51218413864,146866.36071539158,422025.0090945221,270761.88243717933
194,160097.61055415566,285640.1356006003,236829.0654367003,354546.1157464248,347766.47145875834
195,208720.13843378302,247444.5444916226,151754.03460075695,195081.66428734094,214971.50476949062
196,181536.89945091231,384534.9333369828,403773.90959094453,340751.1099257766,185941.68491414306
197,157515.68843341977,97937.66834245603,400419.61656944605,220163.8155175553,249245.98639606405
198,112033.03290986238,184506.86904786155,234401.7772664501,183198.16734983728,416728.77734914277
199,174360.09932961795,251048.9082962815,183804.61910927497,192760.0646693262,266456.98055849975
200,156303.81987435173,159730.86019863503,250275.26498622654,215708.8637491504,254255.77091022648
201,306555.53850232123,290537.3246881794,178596.36932881858,164750.26104379087,264452.9004814123
202,272267.99071640376,173292.28961058735,282206.67984927254,288562.3020208947,250224.22234236833
203,168358.78987716843,208015.91811752986,159293.79874264688,218333.6260921867,336692.438784822
204,169301.07930089993,342936.2842667095,254723.95221816385,174569.43114663742,282405.91747189435
205,75621.88022400218,112359.21667577769,303408.63076895603,220942.83524329864,352746.227372863
206,281720.5086219517,162512.96983788503,204885.46449020164,225415.91339648658,431806.0868738206
207,178183.56389877258,209233.72885295746,181635.10221543442,214072.54762090836,212396.5220122182
208,297850.6984443284,310978.6078724876,265849.04252264614,290248.04035037063,414900.27156594256
209,125463.00345829313,201293.17048771863,183892.35778595053,294654.6423383212,200156.0826571563
210,305115.8957474412,248606.44047757957,250455.3133039718,214203.8376554516,344179.29880262574
211,103257.73131651306,279092.35473182175,474370.7180786501,264166.76748253684,327205.09065308096
212,181159.9433745403,240242.367529523,161109.56953936908,291933.0583865965,284646.01304269966
213,184075.1077957808,407420.9585630753,268515.64022167533,210747.85054119307,322979.8949032947
214,294652.30745460547,194030.26080933423,267155.2120442831,202584.8315290286,388860.58605839603
215,192791.51297337734,245097.949639678,221832.26729085675,304568.2532150352,302516.93732313364
216,211621.43833925365,450680.318366021,149969.60430126163,263171.9518912264,279313.7878561842
217,175329.56985889983,225257.99883710893,168519.21526914267,258472.5136640484,189158.0471377613
218,221590.1182157799,302807.9601808047,173380.14835030236,401794.1642729803,292963.9975186346
219,323761.907316682,153241.91925411532,326348.75146184716,244610.63223799615,266110.7327648692
220,221510.55395447675,180964.48156662498,149725.821124681,452665.81912793947,246279.74855744274
221,72888.91332257749,164600.99352760703,113078.12227216724,207586.677310582,295935.44930303446
222,101274.6435339373,347063.96516868065,150170.44027431536,250193.1274157087,257374.3012337096
223,138840.07622272562,355834.69144983223,315203.2248165826,296209.4046460468,201012.93513557976
224,201361.5249628046,200195.07643396658,317526.4179432645,248276.10354141233,337653.0672778282
225,273134.1807309758,244187.03398736301,322859.19897110324,335129.18437897135,249446.14756044545
226,211207.09327194703,189012.08729199582,260840.28602381962,211812.17059213796,232879.42657603443
227,244817.16962403886,278519.1194876586,294855.5411663272,309638.3767451182,226002.49295926697
228,113894.1608032837,344484.7366037213,320952.92592767766,299269.1490869861,284201.0034188579
229,194790.73018307966,227452.85514010003,321640.24765314633,238016.46565595313,330241.69218397804
230,294849.5244796718,295251.0841789802,381114.15735551924,421129.6439045683,267080.137522325
231,217465.832413727,212728.9758167171,131194.27498327434,203344.43677722756,444483.5928494408
232,183449.59413639092,311555.2845368591,240967.1303390191,386078.67511523183,344823.6025377867
233,187164.88799791015,270890.0260203612,178105.76147690293,478259.4579740918,441293.13816116226
234,335267.72130242165,366105.0066334563,222280.42662319337,256625.0488024997,346329.62676723965
235,188519.14081501213,167071.51971194378,303326.52530167636,234598.14072358797,441813.2494656391
236,287958.901973987,413308.9802547043,153849.92901124214,228663.18645518122,306626.1172023739
237,119304.67049302411,372478.75951523334,304939.6778637886,290786.79096249933,419027.47417634533
238,194539.53500445164,283125.9651519522,265906.8648186708,302434.0994292785,233594.44101228061
239,347964.86352879496,206511.93776438385,235251.88497293193,366935.8594358467,299707.38469902263
240,224178.31663927663,296155.96365035255,338765.80915417563,272627.57787476684,244264.70375036623
241,438896.1841902586,170544.16272329303,322860.55064187606,198513.5693911449,506124.96787598723
242,229822.59037293354,196554.12586865324,339641.261236264,379314.6883147955,386636.76527977386
243,62159.52470049934,461478.59013885923,277299.327085126,343032.8675245472,266381.08222299
244,330636.90388822654,179741.5503750464,370221.49056336307,431045.2902103542,220312.01094958524
245,431298.154155322,377085.1762153183,250855.8423129712,336748.1413493556,322257.70712894795
246,214086.5340780876,237403.03626818804,449417.44362013054,260076.16388386986,328557.15740602923
247,287542.1498866343,264460.7462100786,285828.33614350273,282181.51446075493,305762.7230431194
248,143064.78104397404,367007.68972683314,287263.0956961494,268899.0684744506,342674.98036831274
249,370197.9932684816,183631.6920178631,335158.31728576426,340707.57895860047,370685.3040978467
250,217362.3440256191,189322.18738047167,301256.19267420395,204481.94884232883,295327.27840226865
251,219911.31764141866,187977.93718606047,294707.182195168,392668.95888838335,207943.39799743303
252,123271.52089315097,192733.64701644756,305285.4364427794,231645.82366860556,220593.51040432428
253,177768.4899220008,242323.6687410195,399200.83462119056,335539.13503677427,175357.00897603997
254,194759.61060403637,212607.5129280128,299916.7011969964,352803.63531768695,288624.6227078842
255,291580.4806629005,204015.9487620418,282844.63178511756,422912.4521681494,327875.4143725028
256,333735.8237904779,131279.11684710335,133598.6551792656,197972.6414822896,220327.99807155738
257,339035.4801100828,395731.31126001535,249362.80289542477,254315.7465146109,235674.77264007772
258,191251.09284458758,179085.50014326605,104409.40219701703,275582.87880326237,212317.6600425497
259,104681.01353347918,159817.19973039476,223568.45736995174,320525.0791230259,297681.4382171999
260,179512.7851351715,282927.47124398913,235305.5658983037,282593.5884336127,474904.1262833963
261,181115.13243979856,219432.61765655625,174567.94829307476,309256.165641241,269863.8655982104
262,252822.8972540081,94241.29570988315,276414.7893170478,202845.3019095307,254206.1659790814
263,284561.2410516964,417006.151146273,259439.92879592167,192845.59808548237,315272.1649326677
264,181839.7545302138,285302.05660889955,197950.11938468745,271528.6725212728,255131.64296322997
265,265434.9130535979,322883.4032854433,301050.5943352059,247836.7457787609,348956.54563466436
266,100972.26446933034,224915.43519109685,146372.30088584183,406651.63495835045,263563.7836987648
267,361183.35726653354,121227.92481763264,177222.1932103912,319679.99662268476,253389.08913556862
268,222898.6938853776,166708.37266545504,163377.42753852677,262697.41018280457,306995.6315030324
269,146167.54205810325,331709.5115886618,241936.8787769429,257041.53677666085,279352.26341885526
270,108294.3490233411,220486.45585503863,215864.0202903315,398857.56840245146,249513.15870740247
271,242592.64786063368,314611.47956548585,179714.68447544263,402939.8908545249,281130.7729917696
272,162349.54735677375,81840.99419198673,382893.08763594914,237657.741846795,309441.53749610507
273,145287.93558286357,144851.69181200495,289366.85032468877,269222.49573768553,252191.1181363617
274,204512.1009783388,351805.08826444286,324477.7276151519,381647.72839861043,266412.1498471392
275,71266.80925696655,261701.23712656752,327073.9219176803,246424.08452337832,364902.95733687805
276,281259.03086477856,365531.5597121284,285425.2025727058,277429.70724177745,362371.9204141925
277,127839.86938287175,368433.66904868314,222601.75572470354,382191.58611247793,180775.22108629675
278,114111.33211769362,306327.07987842645,292059.15348587313,207718.23777065845,389649.05710873357
279,99005.98949987924,376768.48109450744,315986.26170785684,235465.2556813382,305200.2602788749
280,211994.76684461924,97389.82990994451,261341.2523716161,262974.57781606744,330974.04343563196
281,319569.62503344513,139112.7081295732,171634.2800745353,284392.66449627094,269433.408861792
282,149536.83054843696,172775.9419411186,315723.92898504867,218324.90400012757,362520.1113078947
283,132773.65036561195,232259.04209383953,313476.4032816437,542087.963121243,264005.7418642111
284,327891.2267911824,156253.98525258337,360216.6676651358,309967.604246118,257294.6463077646
285,314971.89956378815,120053.95092727742,435658.42446087755,188119.446923699,312244.28131863335
286,134183.597681582,323373.8416318859,484900.97061994375,467682.36054271605,387493.70017212303
287,498095.30553499766,222095.11913622715,135253.76689898502,184565.26619829648,387856.1798334152
288,192275.6288740008,206618.24801249037,298333.9526444779,323473.1255597512,215596.08776178802
289,174254.99018525472,296133.38580649684,208521.48324022946,252708.4613294133,189658.82380491486
290,214307.19460311267,194898.93819517497,186321.1354133616,433005.01284850854,256273.7231682709
291,105843.03865617303,317673.05086443154,180807.77379336965,167812.90690566748,253810.74558093247
292,239186.7247544682,164549.34527107503,462878.5751981161,303952.80525425926,260441.30778103136
293,372823.2477823191,229048.77681899592,295112.6195421074,220762.72978866508,264314.2327492705
294,94518.48990358748,261311.78197849027,468721.6937922216,309100.6418497795,190924.30628031597
295,163054.8250109529,191943.47870405586,264683.2006984129,308829.29565776885,346670.14528642315
296,287390.9136348837,254207.44496001842,247465.41706834154,232174.0479324255,214978.2027763268
297,139778.75140541242,311927.9710390082,330814.6236015891,399443.53819805116,350282.14999611914
298,243825.40267183547,118849.73231096166,443760.13985336,348056.7427685983,261878.86860292483
299,266321.39385296137,189793.02071516268,206056.25370531518,205121.5654954776,301589.9939268882
300,140059.10999455466,263525.6610003773,318635.2634610113,300477.17130379,253837.09102403623
301,182317.69444013495,126425.03905644354,284419.8192096738,311378.4947273894,333879.8596593119
302,226243.4667721925,314292.0090372346,427155.12278531265,286073.4838649497,358718.56047757843
303,114439.05845307866,260998.6332667998,182848.8399899575,316592.95517292584,322032.25178813154
304,162072.96393047017,147563.44844739762,295396.6403168575,269788.65619309235,290202.7830189805
305,255854.0698724466,264076.232691856,232301.3602846646,249496.4523723816,239336.5200780996
306,143208.0404835848,327627.18707164406,376618.0754560878,269144.02365910413,429964.20545899717
307,433131.41929132567,267304.99692853005,245930.11015738774,215448.23579311662,392585.05065718753
308,97166.25251308885,484340.1013091074,353708.2098742192,402800.54205895413,348423.33441545744
309,343891.77743647725,200082.55247139817,314882.92793455045,387172.806971829,368752.20544681535
310,159589.30342332233,189747.37297605508,208039.64291144465,292885.7548060424,210555.8631641572
311,522001.4443739225,225213.72017814347,166068.13073146652,261661.1283852488,304198.8544667999
312,259543.37934884737,363895.3161035232,251013.41991553447,226644.32239752944,293840.6593947994
313,218652.49735061033,275111.73373891425,352160.7208607743,276916.9682505926,250061.0382051847
314,182378.5744539403,243377.98823937654,316093.9171467288,207347.55015523688,208072.47565048133
315,122854.87941442977,251394.8268679962,233992.29425039075,388396.71019946085,289222.9789307909
316,234654.895654534,390676.19786538585,441979.0714704887,181211.5510207988,380850.83894399705
317,123546.50437124132,245657.52673484676,246106.62659108776,314160.90794908133,296690.0719925327
318,234411.8729739924,147854.18156495423,237094.25599177417,200978.77665219136,336678.0509404945
319,202427.20271579598,159371.34139455188,212714.50283243676,320667.3566155083,379342.4849918933
320,169361.11122540943,126290.23745004341,167925.9814369734,186147.30586599596,204986.7497069848
321,157495.1151733406,134824.02899801775,265266.8413032094,280761.67336337763,227162.87921732257
322,174518.50647575586,147571.00537587385,277985.5678872247,285250.6383286454,174222.25468407446
323,229685.12582602235,179576.83405796534,256798.1265439272,388011.3397663783,351760.50942954037
324,56295.28633906611,306601.35278642795,173772.99238164542,314472.5865265007,341888.1462246307
325,189700.5989666786,442468.56657769455,149642.02218418743,287150.1281175503,201725.89914998153
326,249056.94632710307,66987.2725241191,225716.8583201912,296203.7125278809,297998.7471176138
327,246146.06432726036,97991.18219470028,142158.24722331756,293867.07467536477,309429.5015725401
328,240789.94735515892,189274.36015981197,253753.5632005423,258346.2432861964,333665.86556449503
329,229876.67202057675,219809.06054190866,316813.40153221064,465527.2209849082,220156.3201085611
330,122139.74549422461,238187.88833994113,250535.42894804987,306409.3246447507,219594.83760720407
331,179976.62940860796,201431.89377141924,261556.88116326413,306375.78423661017,279100.58998197084
332,362112.5847902084,300015.90470180905,267977.97753267555,335197.67311820644,349184.83599776414
333,212938.23304176045,280377.74403439596,191066.44052677302,306457.64573805965,284230.337944068
334,219694.21957365092,152478.10612738717,320418.2977879845,248281.48226982474,218308.62766452797
335,275840.9656052772,214914.06285319003,217609.2536030143,209729.21113536842,452870.756278605
336,119154.34834157806,185108.85541882817,208521.62837549933,285269.35839596234,273395.8255438077
337,121529.12347185596,437575.36923840013,290953.3070157867,419716.16988826776,209840.75412645427
338,278321.6418392422,201000.35108463018,242293.59744844708,254259.25846870028,302323.37589910754
339,239982.57477062056,242328.8778020001,267946.456276941,280931.333777472,330132.4023145774
340,183496.85553460216,161629.97689069004,275017.2562900267,307764.5654682363,323053.21764099406
341,179851.7671606994,205867.07622686835,181677.67628831422,215294.24566251546,247852.7741995682
342,193160.34243023297,204779.08116941777,166687.54806936582,278190.605104983,349892.8504188136
343,89810.10746200487,173359.1270550622,193899.19239181388,282748.80809436203,345759.52647732425
344,161931.33417515145,197623.79309019246,186936.78320125226,202058.2971341747,329914.22583288676
345,262976.02278144716,253524.57873148902,307934.97198261914,145466.74681316115,294383.78700827865
346,313908.5278442104,194016.08198201976,218300.68545446824,200262.17963376758,253302.43056380708
347,254920.11248380705,258470.3589768836,279323.3537014652,302065.98679673293,222112.1806639929
348,120677.98413583476,319203.7522842522,130085.38441746798,248222.133632079,237754.67094499365
349,188700.0032562638,138687.58721994638,258346.38218668004,333770.40637130634,246482.19107710323
350,318083.14759715623,120762.42976568964,385041.19184333977,162789.61866733694,222492.46020595677
351,105981.51552625559,267784.8423869343,264668.7354428617,357632.0993915909,311521.28870051744
352,205695.82496505708,157188.01541537239,196207.80781702144,285546.42907424533,205955.36279919127
353,144331.40168144123,239315.46550386993,225716.09597144448,200151.80031000188,220936.52082389095
354,250457.1772197081,138823.9011315797,196252.93360824263,233109.81458347445,354857.6887490649
355,145502.39775566506,281535.2537800692,307820.61276065547,189016.7047719032,349277.2993149875
356,233196.13693460764,266948.84096927475,358999.4952862198,390071.869029916,355496.7184016126
357,347453.1603436371,323041.3531521113,290557.2126566359,168883.25918615412,304820.17667751847
358,176999.6573705711,245031.2949574785,180081.66088673662,308586.8937482167,315352.33139564225
359,102162.30154072947,290074.9993874972,253870.46756114648,205410.96337084126,418479.4877192228
360,119226.2028038827,200272.21575987653,314659.1941077021,297315.2252327893,279340.48422789713
361,242998.71819158737,253121.13134117116,289074.98685647943,407406.77428073063,332518.3514881336
362,249635.55777763273,364513.68718451425,356843.96162375377,384344.7978181568,265576.2184973244
363,50297.200245288,226280.1346182435,149622.96535309855,367501.4446574605,316858.14876492164
364,197027.12635797606,272941.719202337,284611.3366514335,375434.0752582415,583311.1909322907
365,105426.9705383302,173353.90522673388,201877.41367276266,208686.03719972383,207762.39079580508
366,141723.0896452942,274302.05380077555,413881.63085636887,257838.17138033328,293980.0052546485
367,354291.4420158218,273285.37060229643,269283.03896993364,241416.0166222296,266454.61744663445
368,124720.79766316217,129090.95591517624,235589.35782777582,484587.93937969295,157414.5601252888
369,143924.47048995405,175910.58985047258,296465.3279750084,149648.2906166025,324896.89292319224
370,234261.5348808991,192534.51432273316,312649.0687397957,202125.5472632713,207172.77339400165
371,310418.15034498135,318985.8752282343,242557.9880839666,156834.23801346964,379869.2154788674
372,221812.930260161,221426.267041364,215907.9784531469,187653.3209037112,384600.8999798567
373,268840.28085827513,270363.11920353526,246434.65649616107,325026.0670577411,295676.37157153094
374,142914.8914898581,227101.61751384818,271153.81018288387,174121.80450723297,245765.6483301421
375,279410.08792052954,435061.7350259285,209862.02377808257,365247.16379530943,250469.93762533108
376,206587.3238443753,248006.31755935276,230575.548079501,188111.8816793945,318543.9919679164
377,59859.52166116598,198870.02618339227,350525.3530730282,371483.3248355478,257887.02602534564
378,336900.9451578829,408262.825639286,198638.74794267563,393539.2970434247,233248.54192650176
379,182772.16572393887,158811.98579305343,182364.8168652151,426391.28198109707,283432.37759224256
380,200804.9512147113,549993.480789643,269599.68764196977,332830.9973123137,372253.57800996903
381,224336.8712131514,269783.97987668536,136600.01947099585,402350.5690585791,395351.8672528559
382,250161.4588416022,180524.88422952185,244038.99284110937,198337.6137332206,236241.4271653665
383,103036.01700792342,244622.4904168944,282735.95651978435,341643.2392028848,384635.7681864823
384,382158.62029559637,296188.8397539738,319220.95721550065,343063.84902526124,275291.09342568845
385,255036.40971629825,134535.54654334078,242474.62171214478,187260.16981163737,267411.94427909085
386,375523.7181970254,228132.5968380629,328231.08838810335,292840.4336123619,350651.8103667101
387,202334.9053238132,264093.7614484759,114341.30576923708,314530.8631994964,274466.0133400041
388,180466.2114852237,129019.1165066566,456229.8202258875,241322.43804549068,355567.41025937034
389,128007.91026768384,236797.19189407048,351962.23504393914,217378.2428018539,313941.074089739
390,223972.1279660589,288544.74739213916,273779.6894444204,433825.4007878017,303486.3335364084
391,167261.11199160144,160937.09365041912,393887.7468507158,361535.9392841844,223531.1144972625
392,152209.80577605785,161444.50782346388,308332.3852328493,433486.23162131954,310783.46710964676
393,183807.07391964045,306356.8084663685,328368.5318174552,457037.7963679064,355993.38918009977
394,188359.49420092706,201332.9777966392,178220.65192994973,261750.26804713838,193555.64251290084
395,106603.43589557812,278362.6244753635,307565.10032077477,404242.5742501581,270494.469947158
396,266935.3363608768,272238.7949168204,191418.52721977216,243102.4919399187,377259.83746824355
397,271950.466417665,368714.3558438914,235527.684351625,281682.115273876,372912.86402178166
398,285549.4141394498,297848.15187595494,256663.2135918286,465511.1536687416,319925.8532131099
399,149986.4976208636,233814.62254625687,272907.8012871573,346830.04748097056,264035.2429207756
400,140633.2690473058,210365.92924093478,140380.92295742818,268607.9723076673,270950.4764225084
401,306335.0258077391,323360.93165999796,250071.09067258172,309923.929626767,417775.91422019387
402,355319.9626793501,262257.41538773844,161244.75326563243,381387.06262029306,274182.45255350415
403,182574.4007468124,281436.8482781375,205095.61401044566,267152.12985538156,273350.3562471824
404,190118.42705068193,194822.04070740566,278785.36416965176,195545.49749915078,416138.42686156626
405,110479.48428074774,220948.5139183252,177746.17238916009,489248.7436718483,351163.69901814207
406,228125.88988741863,158250.03773930887,188152.91734101615,330627.16404656257,389331.00046075083
407,293630.55839962076,230126.5148738602,351319.4366676871,341146.06441857177,234542.73686953442
408,243845.23040796324,369633.5628724832,283066.1287583334,183276.41071811502,308084.60063889343
409,137798.95183473112,209943.5859318664,306825.76739900454,214453.6424498315,286711.7005226029
410,318220.0276408881,396356.2944197159,379376.0008857286,273649.8141652831,390538.09170198324
411,151694.287083682,297823.17343282385,281862.94473344844,327427.5997218584,211624.46305903606
412,208776.79747030654,168959.23120404474,239132.29712794573,202682.00767132896,250252.81866305356
413,148688.13651882348,278909.2115789109,298030.4598982526,174854.66661580984,309588.32449357165
414,222539.19534106518,143529.75633938375,287603.32244287175,416468.1161286269,146519.0983477434
415,199247.112767895,242887.21835309025,336788.0948386604,180052.55068947896,241327.04739770273
416,81521.72588153217,229129.84157898973,136664.33444419762,271641.1649850779,299777.4637134107
417,102680.35713477625,212877.33577119157,216220.41816186404,271991.62081184715,297684.03416473273
418,163722.3997017777,350581.8464900342,254767.98441946885,266996.5023229454,368494.4736907924
419,76997.47632434838,220312.03232741496,232304.45853815528,239330.97161385056,324043.6836381329
420,124988.37785678166,120671.56632921606,309399.29248204664,357775.53229438793,139718.31635102257
421,124049.69305323296,310113.24692035,223161.11829531385,213809.24904039106,443014.91882858827
422,260154.00673363695,117094.9032947056,234471.30258850192,260194.4565713796,148629.7594729964
423,186244.96429125918,247072.91430397582,311676.32051224075,271158.27390235336,245796.79550458107
424,158261.60320366622,165099.46275505642,384490.191812838,289803.36301330477,298339.15758553025
425,145847.16415455294,216476.99172531185,301054.97765567346,165853.98382076775,226803.83050174906
426,129935.81534497041,269786.9013863262,286579.8725332366,234268.73119648782,337197.116023176
427,191958.2838874994,223044.4040570167,223072.9617268574,188210.65286837114,205422.50134818538
428,291450.1443864553,179350.69803034712,261764.55488708464,313658.98577864614,286653.61580249015
429,304252.91787752253,192867.64341828745,200573.71630679484,311822.3336836521,426486.6744749473
430,172070.061896996,235533.91150769932,195896.64571907083,345959.05477986514,354790.98794367234
431,232562.91849844632,218501.12360539922,183632.24486021794,345609.35090337734,202543.87630212292
432,346572.27306617226,230961.36151921758,159044.47528883984,533439.6042950384,317747.375272536
433,204571.46075502125,149662.75712126825,329139.23455789173,208472.66628944222,312998.6900689939
434,228622.14064277083,163623.9760482036,353199.52477134427,297472.48299755726,379968.9585109425
435,161517.67843596838,208134.71312707991,313241.0155158029,253073.79406826358,530163.4987752902
436,216563.71431832857,175879.92572664816,240395.83646087992,300721.5043525061,378460.02709741716
437,108664.79307327917,392072.49024986255,272488.1977782189,410992.0746656576,303491.6549240652
438,311368.3977687484,278223.8716133457,244762.12011228036,254985.59253035573,350041.2334351522
439,296012.5752652888,294499.00380524644,339222.2007964777,265345.31879165786,469896.5425501731
440,255471.91964023118,141714.7634938303,391246.3992527472,136419.32977432993,355913.5115181627
441,113275.73161568202,451363.6872235487,258074.8343527978,357784.8985742475,529704.0039231521
442,154134.70466565166,128175.91982089797,170210.3968279884,193079.45094470715,260048.59601582165
443,204121.007249586,314472.09843615047,236731.88100367412,298018.777292312,255845.98456438354
444,220893.47922100686,258091.88486340182,203335.58427417665,299098.03812878206,332287.8507314219
445,222131.39730148177,169714.28140804658,212045.156159141,352156.7294606046,397637.3178518794
446,154110.5139811352,157217.795647462,341118.7446966089,168341.16554241913,194878.69152419257
447,328382.95940499735,184597.57614511476,293087.90530672274,232093.709609768,355539.3571510156
448,367595.172827289,340989.21608166234,240089.3783680698,319605.7790616917,223574.69872816015
449,277930.810387598,308946.5630030519,295794.52300198795,177413.06580721584,193562.87528292314
450,240453.6580959523,234449.36154498346,371315.81768887147,212546.23418550557,358257.433629896
451,226421.65148069206,139557.95674892238,221075.73634179318,378669.4624226416,337551.92702133756
452,203453.11539322804,301922.40330585063,270940.59244593035,254436.00578903552,345528.90509371227
453,301429.58318495087,148916.70890050216,214795.67270608348,283332.4077116372,240942.4707684265
454,183088.01305210064,280308.58348823385,369243.8420192643,430911.18124357203,289476.38872023945
455,266041.6011832995,222721.21321928574,308009.41213520255,270002.3422040173,185731.445956862
456,427646.0247956162,350241.8802384947,341528.5616376156,200815.64288669222,268294.3073822508
457,270522.31819710386,241512.8103533241,250725.80864957374,403700.73587478814,373460.83032658615
458,263627.21038261906,293020.5229401336,277169.517977354,340698.90855313686,265305.9171805463
459,147266.08455124559,262967.99148451776,308039.8347811383,260147.00879268837,366736.7307344378
460,55258.9097016287,157781.1908493716,303883.15584784595,235783.37781996652,300548.50746778335
461,143138.89796394092,278661.24421509105,268161.4695694902,281255.73594537535,320772.18961443356
462,193826.91592343975,286579.44204482867,244461.4691329765,206188.95269936766,237721.0735027399
463,277231.7988079213,323655.3896281386,320072.74982229987,275765.6881275616,319972.843608543
464,245744.151420292,234831.6061578021,267328.7846121785,235549.70180606336,349693.7842480754
465,290173.92392532894,107788.02302273517,390430.33952430874,350036.70180968556,333176.11925840477
466,156032.45944800752,156516.64858957677,282593.40149443777,219094.75242572874,271094.9048198911
467,337927.1224760597,214890.1533569877,260861.97489272128,190755.74881409397,337117.7148262663
468,116941.37394117187,365663.1311831842,284500.3161430539,467675.5621894209,393388.7150289944
469,113215.55088406819,367104.8213465774,266131.74421724945,289600.53808087204,310867.3109618353
470,208357.8933706608,255671.46102878082,354965.87577129947,343588.63546316745,282550.68937834527
471,125509.69964308443,352538.3505105749,209212.66369736416,237899.57216349815,319452.1835240395
472,243730.4048517554,317016.6132281308,299343.29896984936,344426.6357728823,290164.38300291763
473,277341.75100621843,368971.3854323074,228320.62850047575,217161.05571992512,394314.95004279964
474,256943.8212624,518018.12219359353,178209.46699991313,335297.47072587407,257279.0230623528
475,224533.86339908934,168505.26836795922,203850.1811612384,250051.60654023846,435228.4179457227
476,292146.1267540393,312964.14537707943,262234.5269996382,291706.0502148869,388371.16030278
477,149465.9283288595,367492.92231173214,241692.62587553918,268711.4668550651,199858.9926126957
478,348946.933353555,248904.39461145646,257147.03175085463,239386.41364490677,372087.14351690834
479,193969.38435912394,107765.80790646473,220727.0083694598,230433.3345416307,307007.12050323054
480,89253.34002274118,250731.2993161903,304454.43840356334,300012.2892753954,189983.09956482076
481,273504.29363892844,228969.95631423715,156123.38308250316,370115.5816235729,354546.4745377931
482,350046.227285498,311984.918224774,284475.08561560407,250642.6839879309,347971.8075360439
483,137775.38784248268,124451.18410566563,225774.19652129718,231132.36105581975,213337.84965984971
484,138867.9507130799,231679.8975889641,314948.6376826279,291196.1944255186,279061.65640458884
485,326367.1319620297,169682.90198391496,266636.7160214605,323169.02895703807,407571.4758997539
486,153162.5173415225,97097.52373347715,398384.1419864797,552156.9648856871,397702.12142465677
487,214459.35534210457,155552.53992688225,175457.173710546,367228.0497681999,264818.07215703116
488,113617.69331991367,264666.3873581905,285199.76905938576,420720.6296328773,348556.66952566744
489,192318.01164129798,245524.35027212667,286904.36403795093,233037.25689770372,177898.33317912128
490,166388.467120826,222123.3502298487,207520.72703768624,362938.7240969116,353347.1883362683
491,221241.26992251867,153620.23837707308,212058.3484121299,262820.6739520292,218390.31794465
492,145576.85471561877,239010.28713729538,256955.87994676406,285369.3776745705,216683.27477494424
493,178653.94617968498,208961.3328873146,251198.17268325295,180778.70047441302,262565.9319709238
494,298013.30851558025,177150.63904413287,347978.3907181095,240221.95715402826,298769.4587736155
495,125864.85389239163,211657.71090344287,277351.38225165755,217678.1714179686,298254.4161458605
496,115474.45683803046,218237.66493989291,141695.5698834928,307221.8037704472,250502.03938401083
497,236994.7450769438,319817.48327454855,314346.26623807574,363299.5648680363,301952.00289128476
498,147407.67594857997,226689.02677046077,353448.81912221643,325378.6005560241,295992.5497709506
499,223430.14605235483,174934.09738702374,264636.9800183708,247734.44892437785,230018.6214885796
