,INT0,INT1,INT2
0,0.7118791869943379,0.6292090429997188,1.2130095550019178
1,0.7151996210013749,0.6318910240006517,1.1955337629988207
2,0.7233167270023841,0.6328374669974437,1.1990956259978702
3,0.709333612001501,0.6328053429970169,1.1976125720029813
4,0.706453196995426,0.6306845159997465,1.1961123470027815
5,0.6853194430004805,0.637389303999953,1.1970191720029106
6,0.606170047998603,0.6337897600024007,1.197414653004671
7,0.6009836950033787,0.629670336995332,1.1915842269954737
8,0.6041877679963363,0.6369106309939525,1.1945037159966887
9,0.5976860930022667,0.6310723170026904,1.1911393940026755
10,0.6051934119968791,0.6308018550043926,1.1948358989975532
11,0.6048740569967777,0.631547450000653,1.194605352000508
12,0.5962396780014387,0.6354582079948159,1.2029297230037628
13,0.6136423780044424,0.6306621059993631,1.2035737600017455
14,0.5989985189953586,0.6297615570001653,1.2171717579985852
15,0.6010978170015733,0.6375317199999699,1.1936449679997168
16,0.6056180230007158,0.6350899349999963,1.1952440360037144
17,0.6025256240027375,0.6397976600055699,1.1907821599961608
18,0.6123582410000381,0.6326287699994282,1.216890883006272
19,0.6054229970031884,0.6311847160031903,1.1909376399999019
20,0.6093283190057264,0.6350733159997617,1.1948906609977712
21,0.6083368510007858,0.6369147840014193,1.199499618000118
22,0.6101604409996071,0.6420427099947119,1.1882774460027576
23,0.6077205000037793,0.6343405500010704,1.2009625639984733
24,0.6096335909969639,0.6346471719953115,1.2035116359984386
25,0.6038620570034254,0.6275203140030499,1.1933427379990462
26,0.6043730130040785,0.6329515100005665,1.1992435969950748
27,0.6137951669952599,0.6323260450008092,1.2084546299956855
28,0.6070163219992537,0.6334347880037967,1.2000442069984274
29,0.607941412999935,0.6327950979975867,1.1956430540012661
30,0.6568125010016956,0.6302053819963476,1.1999948809971102
31,0.7191506659946754,0.629768309998326,1.2016239559961832
32,0.6143251009998494,0.6285904510004912,1.200120542998775
33,0.5997026339973672,0.6311424669984262,1.2197126009996282
34,0.5902995259966701,0.6333535170051618,1.2139436389988987
35,0.6403716860004351,0.6337648990011076,1.2079035409988137
36,0.6004850699973758,0.6331028819986386,1.1970649970025988
37,0.5930297479935689,0.6318047929962631,1.1963493170042057
38,0.6009651330023189,0.6347961680003209,1.1896445820020745
39,0.5921435339987511,0.6375814889979665,1.1905144729971653
40,0.603164423002454,0.6306264000013471,1.1913562910049222
41,0.600957816997834,0.6340103640031884,1.200848912994843
42,0.6096289269989938,0.6409645659950911,1.204253873002017
43,0.602566472000035,0.6308216659963364,1.2149036520058871
44,0.5981018419988686,0.6299401699943701,1.1959280419978313
45,0.614467475003039,0.6292726199972094,1.1925617380038602
46,0.60468420899997,0.6335598590012523,1.2060293260001345
47,0.5956689520025975,0.630286015002639,1.200258026998199
48,0.6062772049990599,0.6271956310010864,1.1949208449950675
49,0.6015455340020708,0.6325787919995491,1.1989123890016344
50,0.6968680499994662,0.628831424000964,1.2009785090049263
51,0.6574913840013323,0.6322797870016075,1.1990456319981604
52,0.5956720269969082,0.633773410001595,1.2044884330025525
53,0.592625463999866,0.6344027899976936,1.196269599997322
54,0.5878177459962899,0.629245879004884,1.2103323609990184
55,0.5960437499961699,0.6358262940048007,1.1942414520017337
56,0.5981056320015341,0.6278395940025803,1.1924122260024888
57,0.5984461210027803,0.635116128003574,1.1921877119966666
58,0.593252423001104,0.6286409070016816,1.1944634579995181
59,0.592169263996766,0.6310458430016297,1.1979459560025134
60,0.5887985230001505,0.6342890179948881,1.1985655859971303
61,0.5938642359978985,0.6305588169998373,1.1928314559991122
62,0.5957167349988595,0.6319375250022858,1.1945226629977697
63,0.5943126400015899,0.6328143290011212,1.2159627010041731
64,0.5952533489980851,0.6371642560043256,1.1975835650009685
65,0.5911288639981649,0.6336055659994599,1.2010548489997745
66,0.6013899139943533,0.6316928689993802,1.1936491020023823
67,0.5933980219997466,0.6330502820055699,1.1944527300001937
68,0.5953834049942088,0.6308726440038299,1.1986832930051605
69,0.5948806239975966,0.6315816570058814,1.2167820479953662
70,0.5936057420040015,0.6323980240049423,1.2066286709959968
71,0.5948835570015945,0.6296374420053326,1.1976947830044082
72,0.5966390539979329,0.6375610519971815,1.1991342160035856
73,0.6028960219991859,0.631689608002489,1.1954868530010572
74,0.5950833640017663,0.6308701719972305,1.1977626860025339
75,0.5972127400018508,0.6313720879988978,1.1967594899979304
76,0.6002230149970273,0.632122138995328,1.1942862210053136
77,0.596449491000385,0.6292885980001302,1.194457182995393
78,0.5905596669981605,0.6281456220021937,1.1961356500032707
79,0.5948510500020348,0.6358759329959867,1.1958673119952437
80,0.5967511920025572,0.6357310180028435,1.2005405360032455
81,0.5980067910059006,0.6316756239975803,1.1932458380033495
82,0.5925218600023072,0.6309537690030993,1.198726408998482
83,0.5977050559959025,0.6309461490018293,1.2177456689969404
84,0.5976729239991982,0.6307925720029743,1.2000611259936704
85,0.5935307750041829,0.6351148260000627,1.205746799998451
86,0.5934321879976778,0.6306227120003314,1.201683209001203
87,0.5973769830015954,0.6268848710024031,1.1905629499960924
88,0.5982003079989227,0.630608889994619,1.2000865790032549
89,0.5997915059997467,0.6297554470002069,1.1999852290027775
90,0.6014425009998376,0.6335629060049541,1.1918240300001344
91,0.6004037500024424,0.6315668310053297,1.2059166190010728
92,0.6048663510009646,0.6309091229995829,1.1893943679970107
93,0.6025688319932669,0.6290072589981719,1.2025984049978433
94,0.5972753460009699,0.6357276220005588,1.196757976002118
95,0.6016336510001565,0.6317674189995159,1.2059747829989647
96,0.5982397250045324,0.6282421479991172,1.194068498996785
97,0.5998504439994576,0.6333504920039559,1.2033439770020777
98,0.5968568489988684,0.635725148000347,1.2051622029975988
99,0.601683637003589,0.6346199420004268,1.1957267350007896
100,0.6019356929973583,0.6353355810060748,1.195406766004453
101,0.6047053039947059,0.6348858230048791,1.2001786719993106
102,0.5985267079959158,0.6335823810004513,1.194993090997741
103,0.600089357001707,0.6307829189972836,1.1986347709971596
104,0.6001597610011231,0.631501310999738,1.1967478719961946
105,0.5982643839961383,0.629515299006016,1.196560539996426
106,0.5994295450000209,0.6351050520024728,1.1917422020051163
107,0.5990457289954065,0.636004405998392,1.207273370004259
108,0.5972783819961478,0.6297189309989335,1.2001677329972154
109,0.5989625660004094,0.6340115389975836,1.2035165900015272
110,0.6025182180019328,0.6280416480003623,1.1978429059963673
111,0.6031556839952827,0.6347549689962761,1.19061666700145
112,0.5992754830003832,0.6301118739938829,1.191238617997442
113,0.5991070119998767,0.6310380619979696,1.1887388460017974
114,0.6002925050051999,0.6303543879985227,1.2087302630025079
115,0.5985512990009738,0.6375155099958647,1.192252192995511
116,0.602968705999956,0.6311033039964968,1.1910450229988783
117,0.6058133679980529,0.6315565510012675,1.2001665479983785
118,0.6042667229994549,0.6348833619995276,1.1947421900040354
119,0.610133242997108,0.6327649830054725,1.196968452000874
120,0.5991418819976388,0.6285528169973986,1.1947772540006554
121,0.6035976940038381,0.6344907870006864,1.2007929930041428
122,0.6042875919956714,0.6332163179977215,1.204913296001905
123,0.6041683639996336,0.6379419970035087,1.1947109890024876
124,0.5988825679960428,0.6301793180027744,1.1954803269982222
125,0.6062211200041929,0.6323258229967905,1.1924152079955093
126,0.6042785169993294,0.6352593189949403,1.1913419990014518
127,0.5977413750006235,0.634462171998166,1.1957233899956918
128,0.6049625300001935,0.6322917650031741,1.1919977070065215
129,0.6019132399960654,0.6319677110004704,1.1944966049995855
130,0.6028028489963617,0.6345924850029405,1.1938773959991522
131,0.5984211009999854,0.6298147440029425,1.1913828210017527
132,0.6061327709976467,0.6311623350047739,1.1965247119951528
133,0.6001080710047972,0.6355522669982747,1.2320675119990483
134,0.6041420099936659,0.6340765639979509,1.1957548370046425
135,0.6028530370022054,0.6341715840026154,1.2024584899991169
136,0.6018821879988536,0.6333375169997453,1.1923465880026924
137,0.6001522709993878,0.6318402769975364,1.209617228996649
138,0.6014881259980029,0.6288092370014056,1.1935884549966431
139,0.5997767590015428,0.6313721130063641,1.1952193079996505
140,0.5954942919997848,0.6332554519976838,1.202540468002553
141,0.6030971779982792,0.6306128630021703,1.2005628620026982
142,0.6005873379981495,0.6328635469981236,1.1957515790054458
143,0.599615815001016,0.6289219169993885,1.1873952579990146
144,0.6037563089994364,0.6343280090004555,1.197017163001874
145,0.6030677820017445,0.6285653760060086,1.1909350140049355
146,0.6038441519995104,0.6305769860045984,1.1930023050008458
147,0.6049626940002781,0.6271914190001553,1.1883043390043895
148,0.6047265189990867,0.6275512950014672,1.206396895002399
149,0.6063471609959379,0.6336523829959333,1.1944670309967478
150,0.6071904779964825,0.6291812319977907,1.1955860439993558
151,0.6053370209992863,0.6291135159990517,1.1945797429943923
152,0.6044173810005304,0.6312577639982919,1.2252104520011926
153,0.6063940870008082,0.6308788629976334,1.196260158001678
154,0.6057013020035811,0.6331627030012896,1.2062866129999747
155,0.6080128209941904,0.6344716049934505,1.2160203929961426
156,0.6053862659973674,0.632260430000315,1.1966023799977847
157,0.6017647339976975,0.638080467004329,1.1975384760007728
158,0.6027234540015343,0.6275923010034603,1.198860735996277
159,0.6116477789983037,0.6289878019961179,1.201685305000865
160,0.6082122189982329,0.6293453400066937,1.197596969002916
161,0.6066487979987869,0.6393971949946717,1.2208211940014735
162,0.6035226669991971,0.6292585109986248,1.1990140769994468
163,0.6249764399981359,0.6300393759956933,1.1962065560001065
164,0.6065821439988213,0.6301696900045499,1.196379966000677
165,0.6032004560038331,0.6259671020015958,1.1990921679971507
166,0.6090401920009754,0.6329327470011776,1.1963266609964194
167,0.6082671170006506,0.6311977719960851,1.1905041209975025
168,0.605104879999999,0.6324628709990066,1.2088491819959017
169,0.6050122110027587,0.6382126820026315,1.1955977890029317
170,0.6068048179949983,0.6326759549992858,1.1940603660041234
171,0.6015743699972518,0.6292336449987488,1.198837846997776
172,0.6036290980046033,0.6383482550008921,1.197065216001647
173,0.6015475619933568,0.6306017809984041,1.1924834050005302
174,0.6018409050011542,0.6311972830008017,1.1962965009952313
175,0.6038258679982391,0.6279187430045567,1.1976052050013095
176,0.602333577000536,0.6349268830017536,1.1947449009967386
177,0.6037049190053949,0.6326439260010375,1.1916471709992038
178,0.6094542930004536,0.6300959569998668,1.190892315004021
179,0.6082438960002037,0.6319726810033899,1.1987697129952721
180,0.6064765199989779,0.6310520129991346,1.1934554840045166
181,0.6040905020054197,0.6369563640037086,1.1975593219976872
182,0.6043167169991648,0.6312984329997562,1.199879444000544
183,0.5986153170015314,0.631364823995682,1.1998693049972644
184,0.6015276580001228,0.6298229340027319,1.196198675002961
185,0.6038767569989432,0.6324023339984706,1.1988183340072283
186,0.6098436910033342,0.6263008360037929,1.2047231149990694
187,0.6032222149951849,0.6263054339942755,1.1970970050024334
188,0.6079244280044804,0.629504877004365,1.2014170840047882
189,0.6037119430038729,0.6316630629953579,1.198161940999853
190,0.6090579519950552,0.6328598030013382,1.1941554529985297
191,0.6034246080016601,0.632441291003488,1.1967388529956224
192,0.5985297219958738,0.6320245940005407,1.1918782689972431
193,0.6043922569951974,0.6338163760010502,1.195549497999309
194,0.6025087890011491,0.6414206769986777,1.1920847139990656
195,0.6021848419986782,0.6306331239975407,1.1934044779991382
196,0.610112050002499,0.6274624770012451,1.1942919099965366
197,0.610063412997988,0.6325339160030126,1.1922763399998075
198,0.6015427429956617,0.629545440999209,1.190047735995904
199,0.6075237990007736,0.631281907997618,1.19460351899761
200,0.6066209170021466,0.6423221650038613,1.1933071189996554
201,0.6033724829976563,0.6323842860001605,1.1944816750037717
202,0.6107333200052381,0.6336647440039087,1.1961199819998
203,0.6089759539972874,0.6310411910017137,1.195485465003003
204,0.6079648719969555,0.6283682869980112,1.1983889170005568
205,0.6078831799968611,0.6326690970017808,1.20809975299926
206,0.6047037870011991,0.6283074649982154,1.1982068729994353
207,0.6052497339987895,0.6346396509979968,1.1996952679983224
208,0.6008306270014145,0.6368054100021254,1.199377020006068
209,0.6063536729998305,0.6270065249991603,1.1989170090018888
210,0.6033811610031989,0.6288849510019645,1.196522776997881
211,0.6041278039992903,0.6382381549992715,1.1973101360053988
212,0.6057527979937731,0.6303973109970684,1.1903847249996033
213,0.604202209993673,0.6296647150011268,1.1958652329994948
214,0.6034578750040964,0.6317787130028591,1.192149533002521
215,0.608079703997646,0.6314886269974522,1.195087751999381
216,0.6044913220030139,0.6268539590018918,1.1950516319993767
217,0.6008481690005283,0.6409324010019191,1.1989021899935324
218,0.606193476000044,0.6348704259944498,1.1959201369973016
219,0.6033450899994932,0.626046370001859,1.2011305909982184
220,0.6070719749986893,0.6310024019985576,1.1941065909995814
221,0.6053934840019792,0.6343623210050282,1.1927371330020833
222,0.6052405500013265,0.6308078630027012,1.196549780004716
223,0.6036665889987489,0.6346610890032025,1.199510423000902
224,0.6038803929986898,0.6313023350012372,1.2001126780014602
225,0.6030282110004919,0.6339023750042543,1.2041992629965534
226,0.6085875899952953,0.6335679359981441,1.1966136240007472
227,0.6043606560051558,0.6269621360042947,1.2001919419999467
228,0.6057124979997752,0.6301159209979232,1.1970170109998435
229,0.6087034159936593,0.6336228399959509,1.2021428419975564
230,0.6066474699982791,0.6310317460010992,1.2013564990047598
231,0.602883801999269,0.6326862709975103,1.1935163969974383
232,0.6074024379995535,0.630409643999883,1.191975857997022
233,0.6060594149967073,0.6295469129981939,1.19255639599578
234,0.6033029740065103,0.6359616839981754,1.1946268059982685
235,0.5997124850036926,0.6295012359987595,1.218568137002876
236,0.6079335149988765,0.6288012380027794,1.1941990299965255
237,0.6082164239996928,0.6328552109989687,1.1907282210013364
238,0.6057788079997408,0.6355981539963977,1.1968816240041633
239,0.6038133440015372,0.6339055709977401,1.2030221620007069
240,0.6044255249944399,0.6327758629995515,1.2012916189996758
241,0.6005545929947402,0.6352089190040715,1.1950896130001638
242,0.6054170150018763,0.6289792330062483,1.194437400001334
243,0.6054386620016885,0.6365284330022405,1.2072573840050609
244,0.6017850659991382,0.6330758440017235,1.1942761859972961
245,0.6059822200040799,0.6327575100003742,1.194281112999306
246,0.6061355030033155,0.6270164509987808,1.1970082919942797
247,0.6053262560017174,0.6309455320006236,1.1959352979974938
248,0.606356398006028,0.6305554829959874,1.196061306000047
249,0.6057759420000366,0.6306665480005904,1.197276528000657
250,0.6090798949953751,0.6308743849949678,1.2055922840008861
251,0.6058084600008442,0.6287693549966207,1.1948406520023127
252,0.6075415769955725,0.6273687349967076,1.1966082520011696
253,0.6079991419974249,0.6298181179954554,1.1949676250005723
254,0.6064237669997965,0.6259067939972738,1.192612459002703
255,0.6022754530058592,0.6332465120067354,1.1980575310008135
256,0.6068129659979604,0.6321823929974926,1.194689260002633
257,0.6031565689991112,0.634764484995685,1.199405064995517
258,0.6081439449990285,0.6282063969993033,1.194417129001522
259,0.6028443640025216,0.6281596280023223,1.1933613670043997
260,0.6039300939955865,0.6337969820015132,1.197510965001129
261,0.6014712959949975,0.6294613190038945,1.2169299359957222
262,0.6024293050068081,0.6286538710046443,1.1923787309933687
263,0.6007610980013851,0.6286238280008547,1.2016569320039707
264,0.6069186280001304,0.6374171520001255,1.2107129430005443
265,0.6024011600020458,0.6295693370047957,1.2127041809944785
266,0.6050720200000796,0.631629597999563,1.2087039450052544
267,0.6059478220049641,0.6287543639991782,1.2016157749967533
268,0.60187689599843,0.6335226049995981,1.1969694869985688
269,0.6111439219966996,0.6330202479948639,1.1958648660001927
270,0.6026468370037037,0.6281095750018721,1.1976742260012543
271,0.6005570560009801,0.6327830440059188,1.1923288660036633
272,0.6004091930008144,0.6283076280014939,1.1927555539950845
273,0.603422469997895,0.6310141970025143,1.1997371929974179
274,0.6032169969985262,0.6327841809979873,1.2087417210059357
275,0.6063939420055249,0.6304023179982323,1.1911074599993299
276,0.6048999259946868,0.6311951389943715,1.1936382359999698
277,0.6069905800031847,0.6257332060049521,1.1953681430022698
278,0.6085754160012584,0.6319241790042724,1.2090053840001929
279,0.6078640150008141,0.6329364040066139,1.1964099109973176
280,0.6053016149962787,0.6323201330014854,1.1956721000024118
281,0.6068709770042915,0.6337690159998601,1.1968343919943436
282,0.6080337890016381,0.6330937219972839,1.1930673850001767
283,0.6006959150035982,0.6355060470013996,1.200818741999683
284,0.6063092230033362,0.632675692999328,1.2094928980004624
285,0.603556114998355,0.6298387280039606,1.2075768310023705
286,0.605949413999042,0.632448784999724,1.2095725430044695
287,0.6100026560015976,0.6300571169995237,1.2091847339979722
288,0.605506036998122,0.6326626169975498,1.2121907629989437
289,0.6094283440033905,0.6280594419949921,1.206794711004477
290,0.6021766109988675,0.6297919110002113,1.2036285900030634
291,0.6045641149976291,0.6293812039948534,1.210783104004804
292,0.6102931069981423,0.6311130719986977,1.2118549949955195
293,0.601706091001688,0.632923432996904,1.2109753929980798
294,0.6042648529983126,0.6320114799964358,1.2054525109997485
295,0.6050659859974985,0.6315381570020691,1.200114310006029
296,0.6112106910004513,0.6270483280022745,1.2069697929982794
297,0.608061009006633,0.6332778439973481,1.2117754169958062
298,0.6012771410023561,0.63249392099533,1.2047910499968566
299,0.6057693869952345,0.6336527829989791,1.2252916500001447
300,0.6019900799947209,0.6314113859989448,1.223431852995418
301,0.6052048709971132,0.6303265919996193,1.2042260389935109
302,0.6001736029938911,0.6319571589992847,1.2048369830008596
303,0.6072279540021555,0.6292959100028384,1.2097627870025462
304,0.606276311998954,0.631904735993885,1.2071739039965905
305,0.6084123230029945,0.6330946500020218,1.2056216389973997
306,0.6075781399995321,0.6319834289970458,1.2243663089975598
307,0.6063751440015039,0.6327897189985379,1.2092309609943186
308,0.6077245119959116,0.6287911030012765,1.211927171003481
309,0.6039718470055959,0.6341793639949174,1.2091131589986617
310,0.6022183989989571,0.632088347003446,1.21249134199752
311,0.6029267139965668,0.6356037690056837,1.2083629000044311
312,0.6016503200007719,0.634026334999362,1.2030441160022747
313,0.6052963940019254,0.6314675109970267,1.21477773499646
314,0.6077793189979275,0.6287538070027949,1.2273891849981737
315,0.6023414740047883,0.6372855970039382,1.209488259999489
316,0.6020027580016176,0.6335921360005159,1.2098289250061498
317,0.606496080996294,0.6310551360002137,1.207221564000065
318,0.6087441440031398,0.6385010279991548,1.2108313229982741
319,0.6078633329962031,0.6286884110013489,1.2083162580020144
320,0.6030909960027202,0.6393556559996796,1.206891789996007
321,0.6013492300044163,0.6344071249986882,1.2035604060001788
322,0.6042692799965153,0.6312594459959655,1.2082783689984353
323,0.6074816170003032,0.6313347269970109,1.2181811910049873
324,0.6039975300009246,0.6365481309985626,1.2208063439975376
325,0.6110484169985284,0.635558885995124,1.2098191179975402
326,0.6026831990020582,0.6327657349975198,1.2249283690034645
327,0.6018528119966504,0.6263720030037803,1.211184936000791
328,0.6028661990058026,0.6307007489958778,1.2384295929950895
329,0.6075755220008432,0.637975630001165,1.2071306389989331
330,0.6097042659966974,0.634125036005571,1.2096560739955748
331,0.6049386390004656,0.6351236929986044,1.2070103050064063
332,0.6073698190011783,0.634977647998312,1.2053665870043915
333,0.6041419299945119,0.633680954000738,1.2178830439952435
334,0.6063770290056709,0.6306150419986807,1.2147296469993307
335,0.610486260993639,0.6288546659998246,1.2075786369969137
336,0.6004256460000761,0.6309531090009841,1.2067458490055287
337,0.6077308179956162,0.632564393003122,1.210827524002525
338,0.606091308996838,0.6385278680027113,1.2087668790045427
339,0.6036630189992138,0.6321002210024744,1.20895294300135
340,0.6070303649976267,0.6339883399996324,1.233517048000067
341,0.6069488780049141,0.6311868789998698,1.209661643995787
342,0.6049804469948867,0.6274730209988775,1.2155868539994117
343,0.6029880900023272,0.6290415010007564,1.2075460199994268
344,0.6007971719955094,0.6365653870016104,1.2094971199985594
345,0.6030726469980436,0.6350768249976682,1.2072036590034259
346,0.604814386999351,0.6297606599982828,1.2072713709931122
347,0.6049975989953964,0.6313454619958065,1.2047560299979523
348,0.6022740039989003,0.6276440549991094,1.208873006995418
349,0.6003261219957494,0.632601892000821,1.2101463920043898
350,0.605508070999349,0.6343126680003479,1.2091899130027741
351,0.6076961450016825,0.632996277003258,1.2134676220011897
352,0.6061615340004209,0.632742693000182,1.2060573890048545
353,0.6040338129969314,0.6358002119959565,1.2177424089968554
354,0.6063286880016676,0.6312949619969004,1.209681245003594
355,0.6042996079995646,0.6280588029985665,1.2097110640024766
356,0.6054319220056641,0.6358080959980725,1.2072745810000924
357,0.6022491490002722,0.6297651830027462,1.2025755580034456
358,0.6058996009960538,0.6311205439997138,1.214104425998812
359,0.6026210140043986,0.6332073939993279,1.2083210080018034
360,0.5998879719991237,0.6288870040007168,1.2064045730003272
361,0.6078339990053792,0.6318477079985314,1.2060999349996564
362,0.6117602619997342,0.630484264002007,1.2167329879957833
363,0.602877441997407,0.627516705004382,1.2173559029979515
364,0.6039338339978713,0.63371024299704,1.2192568859973107
365,0.6076287550022244,0.6321066329983296,1.2092332819956937
366,0.6055981840036111,0.6326745780024794,1.2051020790022449
367,0.6074909300004947,0.6295515630044974,1.2044899070024258
368,0.6028670020023128,0.6365507270020316,1.224670730996877
369,0.6026529079972534,0.6320741460003774,1.2126408359981724
370,0.6123167059995467,0.631437547999667,1.2074101429971051
371,0.6018186259971117,0.6378870179978549,1.218267188000027
372,0.6053002550033852,0.6371095860013156,1.2254128130007302
373,0.6079778169951169,0.630302258003212,1.2069676149985753
374,0.6027305370007525,0.6326966620035819,1.2072185539946076
375,0.6056720709966612,0.6323647960016388,1.2025759809985175
376,0.602014248004707,0.6307358630001545,1.208673215995077
377,0.6043124660063768,0.6317076159975841,1.2087038890022086
378,0.6053931300048134,0.6337193259969354,1.2025202970035025
379,0.6039425850030966,0.6298270510014845,1.2115429939949536
380,0.6028487020012108,0.629369089998363,1.2127256819949253
381,0.5988581779965898,0.6330649580049794,1.206252650998067
382,0.6038863659996423,0.6335675380032626,1.21718492799846
383,0.6034684069963987,0.6312519729981432,1.2108958560056635
384,0.6045899939999799,0.6358153629989829,1.209445794003841
385,0.6106642469967483,0.6366935039986856,1.2335160959992209
386,0.6044658669998171,0.6373273299977882,1.209493244998157
387,0.606955294002546,0.6288839010012452,1.2128418130014325
388,0.6021910109993769,0.6326279050044832,1.2054630630009342
389,0.606720226998732,0.634002528997371,1.211586448996968
390,0.6039455060017644,0.6338189010057249,1.2047375459951581
391,0.6072214290034026,0.6305694000038784,1.2218442689991207
392,0.6052173170028254,0.6344180489977589,1.2075965289986925
393,0.6033571049993043,0.6320996389986249,1.2121045450039674
394,0.6019027840011404,0.6322553109930595,1.2213711209988105
395,0.607544691003568,0.6361791180024738,1.2209775219962467
396,0.6023246359982295,0.6308224550011801,1.2089967380015878
397,0.6031786500025191,0.6362953600037144,1.2142357019984047
398,0.6026893609960098,0.6381664750006166,1.2102990849962225
399,0.6051938609962235,0.6362289100070484,1.222699416000978
400,0.6009350809981697,0.6330394899996463,1.2065614960010862
401,0.6117377050031791,0.6301455490029184,1.205833819003601
402,0.6128170260053594,0.6328875740000512,1.2063802749980823
403,0.6044780140000512,0.6338788189968909,1.2079273349954747
404,0.604217754000274,0.6285535400020308,1.209729663998587
405,0.605241401004605,0.6357545849969028,1.2089618999962113
406,0.605659872002434,0.633724548999453,1.2068413899978623
407,0.6078825049989973,0.629993263995857,1.213551685999846
408,0.6043093050029711,0.6319774989970028,1.2084441030019661
409,0.607402756002557,0.630860223005584,1.210356696996314
410,0.606153089000145,0.6416398909932468,1.2052414229983697
411,0.6028578440018464,0.6337958490039455,1.2142045719956513
412,0.6034042809988023,0.6309927440015599,1.2116096430036123
413,0.6033540860007633,0.6342980110057397,1.2130745710019255
414,0.6030697370006237,0.6342444789988804,1.225841991006746
415,0.605605620003189,0.6292930050040013,1.205871671998466
416,0.6013957140021375,0.6366342969995458,1.2107968109994545
417,0.6104085539991502,0.632929031002277,1.2122310499980813
418,0.6058130350065767,0.6279632049991051,1.2068431689986028
419,0.6064487920011743,0.6331283610052196,1.2054576980008278
420,0.603825306003273,0.6344991879959707,1.2262006110031507
421,0.6017578290047823,0.6345354210061487,1.2200121260029846
422,0.6008490680032992,0.6309015049992013,1.2126551899928018
423,0.6104173400017316,0.6339847749986802,1.210111242995481
424,0.6109113329948741,0.6314251069998136,1.2071002000011504
425,0.6030715359956957,0.6308860369972535,1.2253406879972317
426,0.6136474180020741,0.6355847590020858,1.2060000030032825
427,0.6056753430020763,0.6332522649972816,1.2139603100004024
428,0.6070212749982602,0.6370593590036151,1.2053045489956276
429,0.5994963709963486,0.6422779589993297,1.2375950979985646
430,0.6094795989993145,0.6325931209939881,1.209406775997195
431,0.6011836739999126,0.6385470550012542,1.2097130520050996
432,0.6024832320035785,0.6351258149952628,1.21170634200098
433,0.6059060740008135,0.6341350330039859,1.213058933004504
434,0.6081694929962396,0.6339902930048993,1.201337706996128
435,0.6095802720010397,0.6320449900013045,1.210640372002672
436,0.6078188879982918,0.6314821529958863,1.2083081590026268
437,0.6026482150045922,0.6322101629993995,1.2065781640048954
438,0.6048176740005147,0.6315912380014197,1.2023776809946867
439,0.6022410629957449,0.632726152005489,1.2084203060003347
440,0.6042582010049955,0.6327932619969943,1.2042063889966812
441,0.6076977709963103,0.6359924259959371,1.2069535729970085
442,0.6053544869937468,0.6276260099984938,1.2064632629990228
443,0.6038660120029817,0.6290214410037152,1.2070004720008
444,0.6046294039988425,0.6249088949989527,1.2104188359953696
445,0.5998149559964077,0.6278748949989676,1.2058345449986518
446,0.6011163450020831,0.6320359319943236,1.2037493539974093
447,0.6074577690014848,0.6344029089959804,1.2085129030019743
448,0.6070940289937425,0.6330471979963477,1.2041376679990208
449,0.6055403119971743,0.6305444590034313,1.2135082530003274
450,0.6078883419977501,0.6286935250027454,1.2028391200001352
451,0.6030856099969242,0.6282317869990948,1.2072835370054236
452,0.602105476995348,0.6329802309992374,1.2049913390001166
453,0.6027733090013498,0.6283660769986454,1.2117066529972362
454,0.6014709070004756,0.6375566349961446,1.207613393999054
455,0.6048487770021893,0.6328714830015088,1.2054521919999388
456,0.607263295998564,0.6341242119960953,1.2096306629973697
457,0.6041051949941902,0.6298792939996929,1.2083231720025651
458,0.6055263140005991,0.632504859000619,1.2092496620025486
459,0.608532184996875,0.6258603380047134,1.2088221029989654
460,0.602236612001434,0.627981870995427,1.211274550005328
461,0.612451458000578,0.6311285880001378,1.2200357289984822
462,0.6020598379982403,0.6373470879989327,1.2102586979963235
463,0.6066613770017284,0.6338670519980951,1.2145056139997905
464,0.6079383579999558,0.6284744509976008,1.2031640190034523
465,0.6041021410055691,0.6342080439935671,1.2090996609986178
466,0.6054495570060681,0.6322530109973741,1.2087858580052853
467,0.6038989930020762,0.628886604004947,1.2122069670003839
468,0.6029251700019813,0.6264570120038115,1.2173683150031138
469,0.6015166730066994,0.6337831519995234,1.2137877229979495
470,0.6097896620049141,0.6350977120018797,1.2031769410023117
471,0.6061329799995292,0.6304660520036123,1.2126712520039291
472,0.6058635859953938,0.6317784979983117,1.203791118998197
473,0.6055651880014921,0.6325901299933321,1.2096892550034681
474,0.6053122760058613,0.6268529340013629,1.2051023400053964
475,0.6079220310057281,0.6319729230017401,1.2179468500035
476,0.606060661993979,0.6278467730007833,1.2064707480021752
477,0.6066233379970072,0.6330763090008986,1.2063583609997295
478,0.6070901320053963,0.6304342420044122,1.2091483990006964
479,0.6045246189969475,0.6353999540006043,1.2125503920033225
480,0.6096521329964162,0.6347355129983043,1.2086505419938476
481,0.6008400770006119,0.6305006210022839,1.2113884880018304
482,0.6073714640006074,0.6291141679976135,1.2069227510000928
483,0.6063618659973145,0.6306152399993152,1.208658507996006
484,0.6093924739980139,0.6327351460058708,1.2088110519980546
485,0.6098496580016217,0.6302460099977907,1.2098946900005103
486,0.6061659530023462,0.6310883950063726,1.2121089420033968
487,0.6012973889955902,0.6287717010054621,1.2097065090056276
488,0.6060267080029007,0.6300610609978321,1.2034026009932859
489,0.6073657320011989,0.629522276998614,1.2074568239986547
490,0.6062421479946352,0.6359058529997128,1.2100878760029445
491,0.6019059340032982,0.6303595179997501,1.2059217169953627
492,0.6037333459971705,0.6364534609965631,1.2100409129998297
493,0.6053487719982513,0.6246557560007204,1.209464339997794
494,0.6042511400009971,0.6306788950023474,1.2058484309964115
495,0.6080337570019765,0.633479267002258,1.2087207209988264
496,0.6099428499946953,0.6330184760008706,1.2131277270018472
497,0.6083520999964094,0.6344087149991537,1.213123538000218
498,0.6039469289971748,0.6260399430029793,1.2075645010045264
499,0.6028246209971257,0.6285009810017073,1.209057859996392
