,TTF0,TTF1,TTF2,TTF3,TTF4,TTF5,TTF6,TTF7,TTF8,TTF9
0,155592.3072268806,162481.06974027073,136942.8045816183,328994.58603296324,436644.84414974134,93079.18318631189,288195.4374835094,211021.59597601177,277453.23414721387,108996.58510851485
1,297204.2209537534,203408.36178718662,324440.650725318,279659.4702830065,200771.66764376237,200268.80783833843,174614.0656215076,158337.84120535824,229359.11919447518,73995.21706843626
2,231544.44030603336,243163.22327165445,203929.2168002557,262538.0533247163,181630.3494517607,303913.2263822411,207921.7378663876,254356.6149151941,216056.16672208003,103257.68471108438
3,403895.492348855,101695.56900790024,154197.65006401116,221120.29984767898,276014.5773948309,215792.4093545926,281369.88228041946,219299.52449161385,254410.37321298418,206849.3542417999
4,269793.4960813139,195219.3681583909,250587.60305021913,239637.70988040644,279625.5415433217,294518.2883549599,251985.26540680559,172816.4313499023,301367.0852990832,275836.5166192836
5,278872.61017849064,158704.60444453885,326936.8588969393,178654.69416816416,83725.38142884706,148765.2362362675,239592.20215583104,275639.1166934245,154142.849223042,356743.21397987544
6,223613.77052820477,168886.1666356398,369909.2064191244,210291.88807649628,52976.58419041342,129046.80145282265,231519.86916374238,253334.25709848627,107384.82099196824,516751.6541497396
7,301977.66455668537,367615.2902119704,298551.6039150581,333077.4064682371,384692.37572241796,132687.20471197634,390570.95829201385,359878.57959794265,257368.16011093053,240651.76926895397
8,231416.63770675787,151497.22232561122,238341.86903084285,112682.72462894332,177996.47454285144,374620.5492270069,173699.84121241147,175942.4268666035,220977.63695430986,330246.58220738743
9,341322.3171721978,149532.60507049903,277588.8546689765,305159.888669041,153029.98311745212,207064.01035393175,216380.39251534373,357643.30903339514,228731.6681407561,340988.6616404398
10,93326.76519382244,220461.71098126518,233716.8009336975,255621.6411780183,163815.3890330512,241669.415259195,307405.0810163338,119561.82377358734,117169.04602549397,150927.11252261174
11,310483.8275682654,172647.50959143654,205816.61100974225,233779.20711543865,245150.23191325937,283840.82899018703,231816.82420623963,217997.05098572612,243481.99479456642,194386.07338990463
12,141848.23754869317,239793.5085017286,95520.94186262504,182539.0606769175,190795.03470983653,288302.46977116034,187545.90415516408,120330.77959366291,304355.03104233544,133635.52485084318
13,186428.06128275278,208257.56780957757,223907.48767417262,401955.6358121898,208755.83829148253,118262.57900148387,299715.2725257156,125498.63697180382,117243.63421716186,139516.88115335535
14,169381.18784177175,211825.4674570209,274495.69992411253,117117.72180711335,100717.41885834487,122685.52800279598,256918.7924129699,85563.60986234844,115709.71808686329,197777.36748869508
15,199595.3941218359,285732.81301797554,280225.14975133317,227727.97111708144,338949.62364341685,253381.02228298844,320532.94473866926,257835.779983389,89560.46134458718,410182.9331046737
16,398756.7582731842,97493.93283808623,299791.8704717343,162906.9389657894,232568.98326868739,314894.88018629805,334282.19454085006,414029.5675590366,272435.00591607415,185145.778541638
17,271388.77158840396,190947.1498673911,89443.68384240684,288299.5832367664,211647.92516400135,225374.28316439918,115979.44802399511,262177.22436470055,232486.36770799942,281161.8783128367
18,187172.823467844,380656.7957940214,124163.63644242006,121389.1819621344,123897.61877521803,271807.62317654316,261636.79361449106,201712.97492221062,117537.68884518507,197130.67285110027
19,264899.61469639506,276226.29696367925,121450.7435861057,254672.63498406947,157418.8566879131,54626.13840236208,364356.04830162256,83661.92075865698,433557.88259872416,291225.0093177497
20,143617.60927736832,93770.69638932297,152426.6651244606,233552.05588654106,245148.53056293156,434557.5024337043,205951.95969492313,86529.23936482746,229695.87187533244,222344.8410158429
21,92538.85359386752,446723.2910614132,185028.41080909414,220953.6653205779,171551.36307995248,183036.46363417056,151558.07471329963,272062.99561818404,253457.0286143896,308645.58376240253
22,315526.0229852777,234415.32079175246,245079.78906166335,218643.4392447704,223687.9788874022,267911.1781719628,121967.23742230848,89528.46958577055,266057.94399079675,207417.0823687082
23,146197.20733832844,272404.8182892879,290464.4634482309,258892.88246923743,302517.40040478203,44814.765330176604,276626.02872288355,248125.89835677337,401455.42042149056,263398.316404894
24,206114.17365205416,170733.7236105923,288172.8250064389,131646.66683357253,206387.07501069634,178788.3815770562,263507.0345459587,119471.42312922936,270270.316086795,206641.47805437335
25,120267.28966366826,193018.36900497138,337923.2994399037,158102.15193142073,296967.6863977526,115885.69761554585,171371.04582253392,196675.16132862895,101395.80834861728,321985.55818885873
26,201767.52634051425,203389.35679077628,87753.23618518109,171456.24769217253,426549.3013803186,203469.99458297424,164223.16943156224,260932.07167638026,338796.6495608219,300443.5321461268
27,191185.3415766745,398897.3307708816,266045.72790149576,279672.2881640278,192431.2843830035,190937.9520529187,183024.4692203735,219107.15944081714,437527.71331378166,178771.30016600835
28,230190.37440547335,202080.74204360973,105803.59616022077,238047.22762072206,160494.42643734004,258113.31891301228,285327.7910264004,274935.35309948295,101741.70609346643,161848.60856539285
29,527313.7822568729,167115.8867260328,242498.34525837906,319563.11208251666,216129.3992159129,412664.5721656525,237896.25332438434,120264.02949788647,292886.1902113039,241277.66121347234
30,159657.6160773802,229502.27613685757,75840.0669140282,171918.68248237763,300412.40368986985,132328.42661181986,170150.78730657842,195275.57107385885,247903.79526288668,221019.2248791284
31,394616.694482194,260333.5012223439,241998.268730375,160724.5036542081,192627.3657605474,306907.70697667985,205240.08461504834,133758.4596355974,384267.58580848563,296667.2695453948
32,303617.58680170117,237399.2311103766,218447.09661911416,337403.8960435574,89856.53281102111,202744.21800789298,255861.19249334125,202207.0384118846,285120.6136029522,378404.68122137984
33,78699.42829101978,141025.16551165032,319305.253747573,180935.56667344444,220837.38666981383,138034.05125340147,238510.88841672635,251760.58663228637,217393.99565445824,256887.99407163574
34,296405.3714093899,184472.773563315,391939.19332295004,437055.71188051807,166025.19189783672,293630.53245006845,150866.65718521242,81247.3730086616,254733.70365703595,196400.3607504645
35,98839.05002157716,99441.93246058607,275427.5838507768,252791.1254090963,309714.4119574948,211066.063974932,307076.3243581544,204875.07611472666,139902.99083364737,342187.9931727544
36,179599.94123549399,152143.71024266302,128448.76730736921,300426.11889765784,165540.64227964258,182586.0275148764,132776.36869913025,401493.5043520096,260002.48931941134,413739.11288576934
37,268603.29142151633,166916.54655934114,194980.65624921882,292515.59434628347,272432.4048163198,261551.86325711792,226693.1769511533,398297.12993848725,277922.53322276863,300836.14733102714
38,318263.4521739853,284926.95226661215,300249.8979825177,197198.7321878618,115544.91438528437,152965.0076911687,103022.3954029815,243336.80636664474,162784.9228660004,166276.0439603019
39,249884.89014612854,296400.7678503749,272996.34799993964,238432.89143018133,251274.85384228558,290497.94122703373,243647.2594961101,61321.67854354719,154047.26114445837,362206.0767904077
40,424398.2738833403,287611.3266595644,78560.41433868546,193545.3148231752,148816.60028022528,220066.40968065418,136894.22000384226,92906.17071949074,239995.6545651053,450659.6728467945
41,233407.3718759252,339312.4156236183,351482.33691999246,107122.98415107616,155718.18101352028,147394.58728070254,506703.3471918811,194421.2501801944,272045.51425092097,357519.97634891665
42,107731.93220087056,258357.04190907022,315516.2513032015,220420.6968706398,191132.75705433253,248369.58920560786,96292.03177814066,332135.7925955459,178500.99397023587,224869.84645776512
43,261955.21715547063,212041.44963021504,217672.42859718087,108259.16915230331,228869.64688502974,258654.68288015854,170759.2987485968,185029.21025568267,152541.65772899523,306057.26869201445
44,276459.19795176934,78727.24970535835,157609.73010977768,234912.1580397857,252343.7607932267,220207.1588506124,154193.62676356174,322449.2954050386,242761.83239733987,214920.13444050742
45,125959.55002021247,247544.97485156904,241158.43631516473,288836.6140053142,250384.86716574727,353682.2408543023,140639.94849447248,210081.08119408257,191214.65386016836,256151.9996825443
46,252566.09080547822,421303.3494979214,233625.2396275892,149018.13640782586,233489.29745476428,336219.25843222527,266451.27800066763,198404.4540851512,201412.75608218584,278681.5539553547
47,361929.14771130733,231549.95698739425,274811.3216883176,251031.7977995269,310015.0571535672,209276.1456059074,245511.96345593993,167015.12432404264,237988.8156646049,82495.32701910092
48,202410.03489631193,121001.89681774995,197075.1609597186,146885.79007862823,442681.23782192357,93626.24395097945,329881.40330768866,97995.17371357438,340406.91669944156,97779.51960391141
49,196030.86824836675,204139.30332875426,183104.65323545432,160081.58247724624,181933.2664789326,181106.54156419262,255459.88290924302,260671.80141503754,194042.99079394413,407378.37951426586
50,223421.27871859426,240742.61287813986,358483.75373821077,336469.90419757133,236840.6586884801,179314.67217337387,250551.950739478,247955.83620851662,250015.45358653192,105990.63659206472
51,100110.8474941451,215260.12605118527,61200.747457540085,271182.0946488925,338195.1623616998,228925.94787358865,185450.3295736836,203064.37483779714,181650.01472959807,180459.98352861748
52,278398.9790472906,205667.92977131295,302198.87670966215,348505.04891876824,311045.8303417936,133251.49288681138,196637.05832210125,296325.6690601584,244585.22731314742,70414.18809024201
53,148199.56127270323,207096.9058963132,218973.77926933096,125859.16759489485,353826.8144233116,332302.5615351288,246461.2428249724,217605.87935517455,316978.9326987022,241083.6105010783
54,139978.49838411962,349430.4899801172,224786.6167661214,239610.93618587515,127797.71355730358,118143.04288624722,244821.0152085159,214169.42752874855,184609.05006796078,179745.41846347012
55,148414.06809387656,336279.57191018446,213897.4173891874,114197.90237239283,237894.10499529977,330810.73410923925,113161.39024532298,224913.44486305054,250331.3447787245,241382.69362237418
56,288676.6375276939,247699.03375360588,329316.8339514259,280665.8675703185,253950.33749713723,202968.0622063883,270217.76896614913,230564.94326147018,224477.6858885455,202847.93634188137
57,162015.51371458083,93934.21434246798,372662.8950595804,317082.840220887,263660.8972301546,277279.40457124077,272948.02933650307,171794.1518736957,331941.5786354647,408050.01355223416
58,188964.38195473462,208500.04685732455,133375.77851709962,133842.4485204337,103728.92166726888,34787.80777558579,251545.17147470205,266232.99314886006,260357.6670803805,244379.59268610828
59,125824.54517278928,219839.31114866064,191927.01627298121,313061.1948913001,191218.51755186665,185648.05173568768,261515.98027354735,309000.2784791145,146035.9258109811,153330.1559036301
60,168384.43838742093,169414.54657419887,269294.44300341385,136113.98758329364,304977.4028590162,304611.1646787969,218240.57915902816,125581.17041092724,154889.81195286394,69121.52627150388
61,128965.27528634678,355722.20803677675,189321.3377537941,82462.53181887841,153686.9321554345,173187.96618534438,215542.88248653663,211216.0244444278,204499.31043301412,232440.1574013403
62,273841.27213677944,289517.49244200776,336818.48110420787,202398.28808729458,181297.42967174048,125459.29920509254,170124.76457789197,393435.2354400692,346259.53982229054,203085.91730383923
63,182467.0605422408,239940.94495676286,142521.56595763058,237589.91507549316,190493.32178846296,49919.55163197209,306322.0513820234,197408.35772579437,174014.92853226952,132928.19997938222
64,360008.6975337026,352712.65838005417,330663.0711903374,110429.44644728664,158741.09551278222,132979.75493468065,308185.4231678783,128551.66209620972,272165.18099776097,128859.71699469333
65,261458.03960485672,171168.58195907582,211790.54693073576,145524.65696626634,201981.33971967408,198227.55488992087,400911.0305208591,126323.27948296981,132689.65130630453,112403.54956946791
66,185420.40137497787,307574.3303643744,168929.04487961356,94019.91607288911,117575.09617278399,102292.1446206397,284494.53031480534,114395.6692974194,196010.05403517978,273382.4221596522
67,416180.25557134766,138173.31009463881,295938.131331229,124925.09516272359,115417.90700724152,222547.7151487853,98881.06963563098,152784.77253184904,214140.61139522414,246941.93796129944
68,288781.0981653168,138587.52234883525,268363.81882610754,290199.8366497577,251659.46048399754,220486.7265318119,163779.93500679993,214750.7788354169,147190.22637575705,184514.08079530502
69,215963.57287075915,234125.3330978958,140403.72784340987,174565.87058469365,320210.9958631343,254450.60094855816,202578.133693394,165004.42269656408,138179.79933485916,245518.62176858075
70,181620.57255066105,133725.506765517,144801.8940514453,176841.34453057274,203479.30981476643,223853.30997595878,107499.94888551265,279464.30350373784,282982.25583455403,245002.68793946874
71,296473.43849207705,323203.9838499489,205782.42254534512,161596.13245186466,197118.43609791689,97085.65383376891,230506.55291320488,193926.29670592747,49583.6115888982,220547.882309574
72,136413.10567718782,171842.20071587348,287952.4708516018,229996.11991147048,147368.91793409613,161463.08220454407,140615.3926337991,109851.07451118412,252002.4152295256,155544.83182733133
73,192580.68668454475,151857.74870033283,135555.5427855011,206143.73006121354,138880.926456581,208733.61334960954,241470.50773635952,315641.92704149167,266967.0371470839,274992.7751054731
74,310846.7204540962,315840.694901227,354762.9325642795,167343.13678441028,106638.2166561592,375514.5302829542,37705.69331263998,162458.2252775819,297950.3598450253,455383.62730437145
75,351313.9571055075,245812.86457816232,355762.2473894687,366386.5938842975,99140.2182518606,135284.4436633485,134871.7248321922,203362.22622898952,124816.5722427135,334210.16455108026
76,416174.48581616173,274864.29735228466,240222.25485913877,194585.28771082417,154691.24146413562,305295.80428241263,154135.7809640825,174588.66083276356,212881.4935712389,306720.7497121001
77,219813.2826645519,148746.63461791707,55029.51089739762,52457.70810314741,227486.52771160862,154751.5563822916,57092.69201201159,481277.050259099,299027.32343411073,231885.58728114094
78,214500.65042174817,285395.6594973877,217262.2826100929,281087.66614726314,142048.6515758711,448192.6178715413,282133.89935837814,211778.12953663975,231260.89924743076,373636.67439967603
79,274797.23034551955,181640.49907080497,79811.11081300012,149123.42377285473,390897.5777488715,222223.42158099762,285977.84905014816,139173.11543194126,57966.509619435885,195169.59280700912
80,268378.1779006871,204911.3991599668,307654.35614811606,333777.08788336965,107480.18567165727,254532.26196310984,163183.62918831615,168003.74848599767,127643.85332381923,264934.6513337414
81,362643.6719192086,134112.87534020405,201356.15024521004,308938.6845862948,194631.23866460394,241124.79535085114,142775.099260289,69097.57905619638,301687.04521378403,112112.73976965684
82,151273.06109987124,386458.21913856326,109290.73050206121,182612.75967201177,323904.3402369395,207301.21305438998,195936.81024846152,107396.46163076856,351006.15505526506,235009.70808055295
83,232700.54844649686,310207.5274835706,149209.87121052583,197275.42309353396,421984.3639967209,233202.57365998402,173543.76898675814,241318.08913088165,174584.5032111948,317316.7865430895
84,259462.67161842916,217178.17779419583,245253.54064694353,148772.82996087743,119716.502679864,145548.9492796308,387353.87696501694,54327.95121969906,135601.0026220088,173027.5767162135
85,120720.94854364809,305509.12607763417,306065.567918251,257654.37539989885,249337.75092976034,202350.84837889895,45889.2215472042,104291.85440048692,152241.78167700095,271928.46279829025
86,181344.6798428396,257365.58461447942,307969.8974305115,408217.3354417426,165304.0719703149,304742.4115574604,272092.65834035154,346411.5855129605,88461.17803812568,194841.8568330606
87,292810.3301747526,181214.4367426155,253103.25719556736,150694.25221251204,119357.89749151561,119653.38438935498,143155.048361731,90853.5419990137,200061.0732672633,311043.6777118972
88,209125.33814987217,142354.33818643197,147488.37132248044,383024.5092025333,134713.5603803147,136077.51117506946,163042.38703914784,308518.8442022697,210347.26914913685,328878.8285634924
89,105129.3187862638,170987.8794372705,303614.84037631494,270324.4130844099,94306.6109895343,283293.30231860525,242509.19616519747,25956.838002209064,207595.38015386966,375841.35400621453
90,157188.43491968102,92408.50474405539,177951.52813039656,117468.09724307303,166638.25213204452,127788.38755550329,376696.82140688837,210811.75439456626,232408.71753430384,311389.8841062641
91,260074.7046963521,265608.39392643946,296164.8736362193,215910.22675371764,249181.2715154278,88388.43431232798,281210.64045560744,283008.89593848144,176488.05673943742,171427.18354409302
92,81853.11259067978,57654.930327121765,309649.26248729863,269532.9689731273,166897.74517677465,121798.32878964186,235833.28409551794,380187.52477413195,239406.55913019236,113569.99114064542
93,348562.1412461595,165045.67635978264,220249.35417858494,264113.003401809,192297.99919796886,260100.34880883273,159744.06552291312,226713.77730755418,96864.32720655232,195775.18902877526
94,245664.89874163643,75592.01249821176,519099.56535590516,151220.47467107332,233169.57362443564,189327.64060706345,162784.5404663232,66724.43649268505,297461.65086812933,163556.86660452426
95,121373.43453320164,194715.82921873606,456804.46424309385,204383.84554695868,155653.55596219108,274645.7000779392,210640.1778728431,140055.10622147736,419588.4448328227,179857.91459584452
96,176812.08699796116,275136.9963684159,321169.8516715227,308633.4610076193,320941.96126630134,238954.6861681561,209277.76898226136,141219.3535054085,262828.9815519295,195597.18810503068
97,153815.8249835511,267304.8870919298,322669.7291773722,249659.45092137688,377935.0087085599,330035.1622869269,470687.35802946676,216912.82347304496,279406.79512774944,163604.8451318037
98,273481.90163426934,189246.14576450415,221987.27319306997,95050.58355880898,209403.18078151264,88533.06175110649,367798.5505152248,443166.5504719962,307958.97837641265,555035.2820525764
99,82959.77659580804,239219.36213911267,107448.82430688298,287491.3256396686,275714.8726287048,146809.41859880934,113145.36352152843,244857.05928593467,333608.38264672854,305182.50319149456
100,299505.5887433658,163064.69695096082,199642.49225282238,78657.15933244338,164702.19758357474,389803.0238741337,359099.44922635856,221976.60966094356,160587.18171818697,215043.3530815264
101,63204.230548710504,206997.52689373432,205702.73241379784,415468.5758617405,265203.25069139246,313493.51337246236,292032.2543741388,316152.7049848654,296869.1793415399,312156.7531706963
102,458151.4064913743,380660.45001698856,192988.03264695837,260194.87939313805,567728.199978363,179322.94649645934,213433.97156365853,225305.52375916348,166573.68790589724,141085.5802740572
103,311143.9033393082,286582.85510033544,524401.8100873381,467814.96612267126,225968.33467195454,317903.26769967005,78240.49977529766,65941.69704594859,217747.23543121025,102568.49772885093
104,189578.19800723257,227805.70788792564,227833.68072640823,219758.91539341846,197058.05768252077,191794.99668305734,207822.31627512258,161513.71878821173,160756.16481820645,354153.3254504765
105,376339.9749625826,176456.36354382298,248182.2905185202,211159.61366574917,309987.43336364976,131176.0847437802,159933.32318930278,313197.0852831404,174805.6344156769,295590.34557374625
106,335815.07081169134,210999.2799813181,267424.0581018034,162409.78254512377,272519.13304306025,401775.7416842967,221508.10691556332,195458.43395257223,228146.86010640056,229783.50500468517
107,171266.1991987658,61415.293755397244,326946.13981087616,237256.66459030466,272675.30336353387,472013.97600022506,175706.36766567142,181096.31624164258,135943.91566577432,121539.3809372783
108,238272.27569577465,337261.3327101704,375887.1264083324,204507.84382522613,152378.174254106,137916.3348796757,159753.48556498621,260857.53267198376,145139.50828632648,208496.571721118
109,226600.28254130745,242798.8163451467,387762.11498649896,316221.2004254698,282790.7118355357,183161.01860642727,175354.63683150322,244570.25531193695,280410.4142329772,251353.61404077272
110,137523.83162076253,173381.5506485998,135653.78316162765,243859.33427474587,497224.9581672022,264613.06328049896,328805.8266614162,199221.01995758954,94929.65875095851,206403.56439851254
111,159333.75421406486,156677.68461027739,161279.02763877437,172549.9565076635,236090.61130843364,349313.11846833664,277682.8117852171,164991.25271531922,136319.64796937312,269984.57550126984
112,270735.1416596915,394771.07715487864,223899.96206454106,232718.5801971131,125283.61882050683,160862.74672610062,175952.3736621875,237624.21711104023,316939.892587092,279438.59589632135
113,279229.9689462391,394126.36776696716,243923.249977875,166681.611294923,239398.61045287075,289433.2263566174,106652.7373469391,330721.03937885846,158087.7294971777,149422.91351346858
114,130275.50147888997,255737.59377919082,138040.90503853298,324884.9582585953,192142.56210211726,246996.7330749964,307585.4607485955,191852.68671339567,293484.94158048835,110240.824135758
115,254671.4539964807,390381.1045975947,176882.59044617988,261344.32935171947,160455.18136952136,129358.56449609909,210945.31923268398,290176.7885579092,300485.32706838014,147443.9538797762
116,299444.25487286446,299057.67070080404,224120.8642708406,318315.63679098897,135727.71588081314,156155.88233627396,186294.8290786562,254949.29617663726,327647.19971906295,169824.01047472312
117,171905.2433757826,155288.22815696063,269124.6634626059,155712.4651099734,136971.18143011697,270661.953870629,151346.63767326105,150479.93647471178,177506.36707187266,319737.25702789286
118,313520.2358080216,197784.3455101191,279896.638888419,140411.66892464794,122501.8912252583,288005.2540726052,137031.43906285387,236208.29311868682,121280.87823524003,185669.93158826992
119,306810.4999631437,299580.37518533773,258625.11205879747,171079.92850716057,231845.25183461345,320379.361535045,176374.16944589783,136007.75109848945,227428.88453119833,117399.30755979923
120,127831.45132080128,343118.8461156284,386075.2791063234,110445.90992773476,170920.34391201832,429502.55568027624,217310.23076350577,92852.55369184434,202807.20972235384,68031.53976856545
121,387140.7163214453,162079.02147616865,412295.45314712636,220716.98389305256,186432.05428585628,140200.7016000676,252834.67504958762,232778.7005824254,183284.47686605042,117960.91017062512
122,191940.37532724242,101158.57982350148,260464.8143974624,342921.9638285922,137318.3835614925,507193.22631186666,277514.91469999857,260769.4511981615,321859.5610893685,104310.40908872357
123,191226.16053695907,201853.20892843572,172811.02512636958,242248.97184269686,208261.87252938945,284733.84317474964,224968.17630416615,324455.98586672195,174887.31592504756,149947.39369953796
124,181528.86574262602,182863.02789035143,262052.4354671548,199174.14482981048,399322.66187192086,240529.83237146365,241181.0015226068,227285.3574681071,150615.00513007122,219790.60310921213
125,124698.42028391919,196657.54145216686,230222.04679685162,58018.878639275455,259976.8500056377,159065.86561476407,280671.6812719311,219621.44318780658,201971.8889417532,92002.87859836972
126,178156.7044134981,212293.0567154979,254501.63447463134,260399.59521028306,174094.59362357872,250397.72461459733,266975.0117867337,203131.83341167064,187627.85169954912,121819.85156109536
127,329423.9722956256,300800.6856438244,492649.895756254,170389.97315441596,209617.74353218867,178518.2044423137,233756.26010219147,459289.51679480466,150383.31404091846,100386.86217237108
128,247766.9643260115,287178.8916084255,193007.77481482172,317486.00045151945,331637.5450621854,285560.6224222497,76606.54603591998,276417.41008100973,232444.74405370274,171813.85748514766
129,419185.69700043846,168162.1531485397,244032.4353019883,226524.6834725852,232507.06448671606,170331.86282404052,79999.41605021348,221298.78442634403,259095.80606905598,260003.08344347664
130,183380.66759450233,314373.8431514905,243995.03614952212,372412.4550421473,184073.89090264958,128661.63542909714,113828.85852685405,129422.21972281791,216976.04060149216,480058.83230278554
131,173501.87627716982,158084.64633280862,175137.11920607605,130551.71548559993,171312.34373715363,147199.99701143097,135835.21018621873,176459.97586171408,132220.53517022938,179703.84375933395
132,154406.7736238619,248273.8331709338,167850.69621510265,323331.01448428084,294564.7251253322,111750.67334023537,216068.07990325082,200691.88134516997,125458.87767159741,264412.3744421336
133,165779.2221837992,292205.61725324264,255599.44431288872,89838.77238047935,309732.42696679535,282564.5803877795,163641.81764233357,211948.6393855383,148152.8467483625,210135.54809857573
134,196190.58920668974,280655.55315514246,112583.04837022419,183975.04847373505,137133.43332737192,366596.4533642792,86698.34969809222,230613.71140406202,191690.33035445216,168127.5947919449
135,198911.0873103577,75869.8747314164,231384.2106709322,198452.0547762411,223744.29261730445,116837.59399680504,286681.5536598289,257286.5720834689,175444.905293755,229696.55013820584
136,397329.32196438283,337058.4417783982,453061.7856876069,75725.21769898772,295878.7937896893,192672.73799182117,211926.43072404483,90545.64004927338,207831.30621637608,134149.72562409937
137,69862.5930749572,123408.52041911219,146522.2877833909,346447.03332518955,203963.22618710442,275765.7820423578,268471.8734645475,236745.40934392562,206075.5352740781,246465.31194783584
138,163238.43839528193,130760.50418865857,129502.68520816132,75648.94175585662,252544.20938182925,126017.63415918413,56123.95495950997,352441.3155876184,302870.6331879589,154885.09551682562
139,317904.62765705516,247498.3746489621,182857.516233838,71441.05099628563,134950.6016592866,181838.83899442345,172393.46200294732,88447.89091631983,224016.95002876932,327021.397101659
140,182008.70421680267,411022.3261673347,181180.46617271463,287957.07069076237,352484.46720534656,282415.3516614624,174975.4969587154,171091.29518813264,428696.2098458525,166556.61806649115
141,316477.8219749208,189820.31532126822,146211.65109150985,111867.24791387821,269050.13870182505,298019.16597766045,205427.52651054753,300388.36769218795,171693.90876931488,93552.65393576803
142,319762.2417973077,288040.2818344062,185476.68897137986,226683.28628679726,132375.9785871684,290038.481455097,268888.9683817701,230784.39946998353,160005.68066834717,161136.41208989016
143,228207.3545924289,115254.77024514264,145355.25286051375,211926.95581899994,151535.672589341,134399.50263187225,249224.46099200827,253138.5425950279,310163.9232837319,214323.90478784594
144,401871.9856124751,223233.44889114378,195351.53384813742,158467.64964883376,180210.84960538842,195683.58700946934,134303.34710190792,342322.59845957335,209402.61445243275,165941.81415560623
145,228565.2744696954,332639.77707160346,172295.99409827014,424740.9129879096,148621.117711741,176062.48327076194,170319.9575726872,114680.87063667229,230615.027246404,401248.38422659296
146,111013.03108382644,348045.68767724506,196466.3071691244,126596.70932268408,109723.6009464769,369016.0654956891,153897.7343741531,170836.14855180908,242488.536308315,147042.63733661736
147,274508.68015116535,98701.88237733665,58298.93186734933,231232.62138796097,250425.9163830693,133499.76103564003,228319.7019607716,204513.2468386914,203498.91445013403,240224.80908425795
148,250797.4340372631,280289.70538034453,271684.74365300883,133238.66803491086,271270.119838709,196619.2557103185,232877.6206010934,182139.36569596644,107948.6092774809,279634.62284176715
149,249590.62424942985,293774.6556696813,190819.06775868702,228136.93519554025,204530.85918002386,164048.43506639614,319540.28871258564,185802.28042137122,191959.19340496667,146288.34711959702
150,91254.01840406495,343134.4789598425,266335.1752688781,122218.27471101203,338576.5134296434,230134.37899902163,235149.51632764828,177437.09086527966,186274.66318932152,208088.206829504
151,194915.10334597522,243364.16810220171,232949.1166671018,108160.46157417296,284115.8384845309,235707.4205824367,66276.08637345693,217572.9382804035,179901.15659212548,239342.6598080823
152,198133.91043430526,114626.86581616971,200863.29190527034,302050.89294168423,350723.3885242542,162836.0650938632,201687.3833774767,169029.14736657077,103023.5680061105,242416.62801400397
153,371897.6466627826,125215.43412924815,135520.31253955126,158264.36167923818,157596.77221633162,147185.99053500575,407524.79350317025,391550.3514135779,315448.4232134305,238812.1023268517
154,241647.61855172456,143012.24500941782,251822.5203393491,223644.92646249902,283135.81056451425,110116.97595457458,321911.4528398991,252091.68156051042,148233.76633414492,217999.96322382044
155,158391.45906930917,254970.83913862047,223605.22573417888,142172.82333936094,175809.47608077267,354513.8763928854,173596.01018076547,281019.39233715186,228297.7687424387,133654.98425872874
156,215965.56685357308,93656.79767940601,199042.51340202166,336475.6516227692,255455.1314273232,188739.56440514082,154141.93508602807,179323.13303641218,81876.40072527848,246123.46763482192
157,382174.9964031189,226649.4272260563,264680.0534001711,272253.8539031163,65282.28833385094,104768.03968767716,268024.04450511804,280631.6466026405,222732.23844703846,263192.9538241655
158,210557.96307473368,285197.23801303946,355112.96978046163,393154.6959009251,159614.52280205165,201594.88188955974,351523.21712299087,187179.12327802522,132428.74477340787,184637.37089623162
159,163717.1398433232,420739.47879335855,160622.92539966304,257937.51428607092,153870.59570244217,138234.324005311,139848.44538628822,153126.84912854646,217500.6221502297,244648.86881288624
160,220887.32606626465,142272.66363082879,115154.37660546704,307797.8384688638,185897.04126477576,111210.4980445418,160578.41253010172,185652.0524776458,126323.9704273894,76354.79993640477
161,240338.18996227498,224386.67805853314,239827.10881360635,270145.573701169,292510.074029024,260289.60635137194,182962.048512906,313864.98119868204,370453.1318586392,267005.91189399466
162,151317.8222752729,143729.39299177777,123864.93245510414,173001.81378627132,175377.03395966673,195221.04197185626,455457.691062281,142456.34661801453,209743.06464822078,105016.39193133198
163,296834.92417659104,192207.58409113876,160315.2307216021,103927.84154677058,245101.21502932173,206582.80221972798,208505.62577216176,234247.51916146924,153722.98581086294,185737.80932462116
164,255883.35831823287,170198.36066894446,222112.95385125207,195015.11246315253,364851.5392022261,198268.20341457945,215318.42020134092,289612.1245699098,202724.9016819268,149382.66195555462
165,330539.3165841788,386638.3387571841,359356.0845076344,262733.6778312918,451714.9919302643,159581.14777147883,259365.6268356784,218440.40846228774,89465.60278615144,202139.93606883433
166,223822.58879452027,313256.2459179485,403356.6569234639,189462.56507835112,333610.16421460983,104933.63125366457,267787.8210682788,291714.23730569147,220977.14039027787,186132.18551716392
167,182001.70494064738,337775.6889491947,240925.12644219084,235239.04413398457,241135.74594180318,105547.75860436694,118834.77152255567,171584.25988527774,147905.07631799026,318480.24828460545
168,108463.47625542521,161499.00794147936,214371.56791058354,151096.5747082951,242302.66869325325,271361.44381867687,217248.41238102558,168256.90098456334,239943.8901441988,174187.4270643685
169,156148.0066513301,287868.61077116523,282646.2652083655,334122.59146904194,165481.2073608254,151782.57032905737,192390.07827061537,232409.11039825768,286617.9197084644,55365.91663930899
170,178216.59516027363,294698.8365780911,333657.01615650085,232356.43174577047,115193.35126163675,160506.9265241595,90202.61360808316,126363.13899962383,379991.3155170008,81891.54728013245
171,265597.57468817156,275752.9568963052,225868.0800229935,228447.66265658123,219027.68660531554,207950.1129487392,226192.2170005122,114024.64743157226,351769.41003538587,186384.22093654698
172,347033.06442053436,188225.33262410684,275631.7652554108,274217.24770931806,213878.79904836102,64286.23956034418,150209.10911093425,118313.3526358218,173085.83067959224,148921.93833687739
173,379924.4841397792,308303.49367093295,157015.0148263167,389979.7704534541,174319.90062788993,196149.74371506638,272637.46142523043,289619.67180759105,238120.16610425734,184732.56975587294
174,185863.00183471263,205150.77929427067,274028.05293863645,155659.77095701388,223684.96134950357,305226.009392784,160089.26274687744,137560.38129763657,142352.9911379244,241145.05705295329
175,239681.29890359647,171423.40688653616,170757.04706358255,283065.16626989195,377414.34562019055,216173.48008897062,218386.15210686898,167293.76973554541,190343.9719178897,187893.06192849108
176,408412.6669527093,340318.89350068127,261373.82661545507,179445.76348511004,296984.8248695005,285103.3299499807,198438.65278358175,151189.4514085001,119167.2394754456,196652.0542411979
177,97347.15412700725,295311.85398800235,102803.39345336801,305366.28788066783,253216.5791840877,135204.87313716684,190763.56130329389,345203.29087214987,288929.6474338926,155962.30613383657
178,216396.06047043478,302272.1450608003,220515.04868985445,38516.64387068234,419578.5088193015,210453.38513010385,246746.27078697478,284293.9273847317,217625.85390115183,256913.54268540366
179,163047.85061083635,271393.7537506761,179452.59586355468,148238.0032200262,197229.63988528558,286500.8419548099,318727.3812118946,107071.0828473523,138147.56065290887,132044.47383304336
180,148229.15506729123,365811.19175256346,214487.75752956315,322855.19684505364,203441.0292202375,114562.80605908384,102904.94697970361,238500.44512636703,256826.73099442723,123826.58387720837
181,215916.42994577755,198384.16097254015,214954.52577237735,277309.7925558246,175140.9415982496,287714.27905495313,241899.0102527112,419085.1989108819,190395.4407780834,117416.80139811774
182,169224.80761835925,295301.1296848421,179769.95350636815,320563.0877650414,223987.43041872638,145766.4340444028,103040.40808999933,281567.77339080116,292855.2581143684,369972.1446465758
183,196712.0033435484,214651.7829034945,241934.0024994817,214254.68661650366,268104.17564473615,220838.42580327432,293366.4091281779,185539.45157036773,212293.5432345848,166332.30823576893
184,373809.4594153466,207633.23039024713,114387.0670760353,196351.28041419078,168266.9620488947,398749.71398781944,262018.53716003714,150972.2661627223,143671.75166982075,137719.94557527764
185,223948.94743426275,231641.02469055715,290309.00394777954,374443.5734006157,187366.3176195155,252726.17647847458,262209.24102406064,203485.1595435565,306590.6999997091,89780.90876970312
186,362584.30688622047,59543.03081231748,267934.2932384813,239767.34282722525,130541.55815639163,174267.33538512792,118878.02325636349,217197.05205444578,198783.94913780846,59182.88030034839
187,204948.0833883252,283422.9829453662,187490.3266856882,267105.1608969341,201267.06725521345,125766.79730420548,201519.09453933657,169822.97416192846,313204.2682936346,190851.43368551164
188,262625.9296110931,210685.27472525713,237034.9359368001,223056.6227542072,207894.69020337804,288849.4625745995,372778.86892076884,281525.5406278385,266668.05745091016,226186.78120078507
189,287198.6466792179,211804.80788076055,293305.7190682735,281999.1706242083,210900.52645996935,246999.6338345841,271539.20947695826,125041.64414357238,225929.82541981907,172205.1811398421
190,351532.2443702178,303509.70756419166,280793.57477483933,336675.23173272854,340499.6259425119,199861.81646150272,293820.777273634,313883.7090831315,217072.98139170016,449169.2213248613
191,344560.70476141997,179770.750442996,221032.17261047184,245086.6901081194,239421.92025899046,385493.64854769007,79866.99157296654,165971.5265770252,116365.94636324294,260003.03225475753
192,176987.84066080954,121453.95935237122,271796.68719486776,91624.0617168329,306308.4381067478,137774.98138393444,209301.79137557917,354827.88770265726,160312.77520734112,177250.4683486111
193,201011.0862406236,488752.28327131725,192583.82082010034,123394.5861995697,119667.33904875166,249434.62758820847,183273.0961186758,175451.4632882605,58298.52015120124,158084.1835482581
194,140654.9808614329,180107.02627453927,281563.3935632618,91684.29522917455,211126.45939178864,256358.7460981073,265241.1539188259,249713.17062884712,376701.4063207798,149152.69646527723
195,256030.2104028504,182417.42464241298,268689.00589140505,77784.47648190528,151008.3370247383,334932.7331511739,110247.63799214299,232339.53368271864,91363.143571238,110119.04248222944
196,81170.48388464382,110798.89388961233,216337.58206295333,183111.6142686076,201016.22462680106,195687.0314364314,272648.63033497345,275412.3598335035,158168.1324248144,107194.36307633607
197,274236.20104617917,105466.1102198471,271856.50858637557,249425.26987563132,123313.05936085137,247622.097689769,129550.69256198176,249275.59583094754,102020.68636165463,247967.16486420555
198,321471.428132467,156438.6000417524,209382.11243928917,185594.74485261267,131228.48833541456,195647.61841924896,424814.5619477732,205181.50885106754,65896.24567824716,243184.9081774052
199,261200.40205614717,102771.51569751767,321283.5062542121,376123.30975988007,203092.06702253854,162492.25746838827,295074.43183448474,210757.03240157515,272745.8182785793,142316.68608092287
200,347823.224256216,192175.92960194967,151649.41351642687,281362.4030597683,244987.96911966248,208462.77320321594,209383.409791211,188176.20161090096,430470.9276361683,375871.1220120157
201,326935.48943165765,94110.59654629577,166567.5522189279,319568.4596626425,361481.59993376676,203559.4971804232,168274.63861829665,189570.1292528802,152713.70607754122,177168.8128448475
202,190192.76309720395,254161.40872198908,289884.77098926203,127819.98536237986,182260.63519861596,208597.78551391198,155231.4155041817,247442.64016011992,306672.07825807953,518561.4438001161
203,384481.9828098176,119136.99712340516,230472.6188623032,333121.43125451123,212810.3473987527,160371.20882881375,192646.8968268946,86554.18361984758,218516.12451067416,446770.84672746353
204,136635.32491172935,448021.0098321434,257502.70268461056,198627.48079380588,265027.520132939,136951.01474888524,383279.41322404507,167369.5227289989,274170.0106777193,177967.94728610988
205,111508.91967321494,305726.79966327426,185926.33601243372,176043.5187248714,281405.4446448763,224464.08597144895,241501.02449606065,245123.20259287834,209028.17059464433,149727.46268421068
206,192272.81481805022,236621.87040961478,303020.77277055057,310691.31507055403,318580.51630452945,285927.9371389493,273333.1634467012,268910.5755718724,283249.57601945335,276882.34299454256
207,445757.621303885,173364.61231643468,264726.6042214313,302253.3459766391,174880.5566627011,97787.04452135992,296053.4004530956,181318.48402050522,335441.901867952,186676.18637903724
208,293833.9333624665,188409.2745210051,420125.4209566779,277742.4460868224,99051.32728655338,182945.6785534018,163221.17474509295,345575.57569599943,164870.38401481972,179031.18143112218
209,485315.6509172617,281860.4160916216,327427.7163014931,158774.3405169886,198033.72795184984,269594.26726980705,251720.5118975733,265385.02425831626,183246.74487886668,279619.7832299138
210,136990.93944523847,180180.51457911177,363326.7605831853,141276.57680261327,267086.22767629067,159882.60942665313,147620.93101121584,325296.35843975533,410165.579656502,242526.85406084984
211,214238.67305413127,302687.6883375528,292416.5724609081,259588.4735622384,222160.4604822448,241712.42944856232,132184.41301738838,252322.163979171,192490.18625649018,192853.76063689965
212,167620.08576079734,137381.30754432318,71575.38365900531,497686.31268088485,117480.0803873879,137134.35349764337,238217.47062555823,271914.1088266457,139994.40619935593,128024.96229594138
213,151190.926268733,192012.9731648935,346898.76245878986,248846.57575929048,196168.3776028399,369683.83160929324,158653.63007210055,244710.54802859412,345572.8426140507,280752.8966416684
214,146894.4302615098,171887.01214691738,353280.7035168209,453113.6571784877,171424.86268532512,96845.41187995452,144860.47733019633,314962.00113712193,152260.86856890394,231802.54213473859
215,296318.9821060885,202175.58161558615,186921.5400485796,266963.3427489303,203465.5497842734,341024.9204769778,213283.70696770615,208272.49921954982,228801.94301786044,270007.2119116539
216,326623.30701846414,58110.78441179228,186751.17950836974,108840.17496784058,170385.15072423356,126014.49411117584,331044.1947894661,178792.11798610596,84368.44977209193,360884.38649860735
217,436559.41504904866,257251.6747392305,229391.76741569076,99300.85408994518,339147.44650164444,157405.0682007557,26480.58682770504,202942.9537069405,181004.30425931996,252193.11256722262
218,236943.68509449967,219858.9712228719,174198.13011156218,407293.03109414794,172865.86991875598,182033.25145399017,166442.3109634022,294315.6543070418,289469.9818781133,222526.68785623286
219,102701.28843188418,264666.78075442766,508736.0485314795,439793.52878255537,288977.82503613475,218429.75240793158,155006.77609486337,262352.9169281555,139706.8328088107,301373.1406727825
220,609444.541249868,364570.89337620605,92268.67691810186,299036.79064644466,268579.037167764,210316.97209258375,116755.07651640452,159887.75923616905,218013.77405588998,263242.50940982427
221,132006.44269320733,303039.4088467373,103710.93444178141,221464.44221374523,237552.827564355,203173.16311924925,196697.57693052967,294938.64694257453,204935.52243013456,262835.82586261164
222,174174.6888183206,78379.59656928456,309743.0024374691,233232.36995031164,238868.88056507305,177362.42685854572,250222.36149185893,232635.42658457335,416589.4502754101,101918.63977389182
223,387724.1018440678,156008.062291701,157054.53601615963,249012.75535080754,251610.6226481789,275227.47461575107,281586.95832123415,153336.35098914214,57434.087467413614,187637.27245148644
224,80517.69406224918,177432.66191898152,306070.8655892197,233909.22877043672,173786.68259125613,89304.07228707388,194769.40194558774,314718.3031441971,309833.84475346317,310932.5973539408
225,228123.42769119906,158994.58728960232,154552.06662321324,221552.3026229386,207385.37791404966,344343.1854956268,207268.81090847036,235173.47154808207,239469.00228463628,186060.76170377556
226,183908.24005457634,45792.95367201008,214658.73049700595,303779.88683271717,155765.08290842007,155014.46556636825,333408.6900383489,228310.6696023679,189215.39826001474,142447.05214377024
227,204639.83878788518,221786.73632520903,302988.4645417613,187686.94744402828,254447.37130511182,180141.20626842332,281274.8173978645,194219.19196490105,126151.76971526051,253944.445587233
228,197757.5864114055,188857.35933594216,145028.02907176668,97392.2959001374,130543.7713068921,209729.90554379488,243306.78630368185,229510.04154520153,270528.4891175566,255113.48114144875
229,146167.46352965708,104828.14191424234,126439.02435905674,72106.2244694403,386001.22680136346,271293.4288698587,196265.0287611847,181760.8480510436,383686.8168104359,188739.533976636
230,282859.392675146,230093.48745640417,203479.33751200064,149460.68025116483,194670.95502929087,175847.89104434906,157283.38025482843,69920.17298539037,247354.92276243368,113689.70813983763
231,193101.09991701864,242715.78406490904,255359.74743474205,166457.43496399611,127357.83266657789,217532.45097968003,214132.9675489015,262126.75597691006,226733.77340396022,250302.96066979616
232,279846.0825811152,206980.59052880335,221379.22032433303,219087.6867843749,288797.65052883164,247130.9003628813,281844.5172763542,197617.1525171298,86085.7889930461,212076.65509020485
233,69741.30844309472,234183.67931301746,176800.97168089065,301280.29310043284,125372.29657153966,213405.5795786283,388496.0824499678,152630.47957212836,189696.62086143176,218693.07654166064
234,123686.50565569772,85917.5929193188,196692.14795908533,223473.7606484088,226331.04074451159,328355.5181393897,114064.34700702531,373236.9913573431,307049.1666001101,227022.28995701612
235,364411.48861170415,198558.92388039496,316593.0680696187,369090.56458875095,439805.9981945634,127564.69941287587,99530.74258076344,353048.5310600005,86299.96008581512,129489.69422648956
236,311383.97144278896,210110.6405180769,215454.96648954286,163705.46755277156,189907.61971897827,185296.43015366525,130421.3030233506,307519.5108094387,192979.09973786643,155995.39284051245
237,311260.7336517491,524216.11814816005,315495.03740057803,247647.95216433445,220893.56717264766,133041.1647024798,160580.76545620206,103984.94731004705,270206.69897224265,87095.88239176378
238,182125.50120515472,270245.03058157663,239899.55503018224,193537.39376744445,272553.51074900833,294298.55649865867,193900.16537631734,242929.8202487073,207227.36744459753,80995.37392748539
239,143300.4559075979,253294.62090844964,475482.487971717,194810.83562335715,236062.09252056837,259890.01219971268,237436.7392158607,150219.6150400215,98436.93662182736,231243.80477486507
240,135602.91584767937,268143.8384018045,402100.45163528697,276999.62728561927,206999.67675826536,137272.89786366164,232064.1588677328,274582.9065462454,174939.2305324853,181935.06947037205
241,193448.15681511126,295925.62371636933,242837.35953070066,141223.2946511265,157577.3735707577,235774.44995871652,142365.32062045916,249180.65751619235,169805.34488889307,283260.87515574635
242,234434.2617881306,179700.81521207525,379573.4758834598,122400.58902572362,310989.88723116077,316785.1404740863,94811.89081970445,141638.5964309201,265074.12179981655,127293.33590920316
243,242751.08662639937,185848.09740828763,218965.43711852154,333613.2550380068,185365.26220016537,206929.78559533978,238398.69544142624,95183.95483859208,259886.34979747032,213177.8459998101
244,167293.2091708777,162699.2913055253,358880.0106459451,191107.99665610582,192839.87174250992,241832.51614176226,131739.6925052905,55787.1676378515,180126.12056778002,251460.66399559446
245,204125.38312539278,182472.22297455076,232410.34140255378,285416.0279026027,268345.22542450787,220886.6300365541,343991.59156943695,176121.20014554233,349033.0843552076,215064.18546817306
246,323720.45521417214,96735.14551662585,194466.65468958268,202441.97312920864,348981.9395319997,218999.86976352622,217356.88304254826,209863.70305555675,235685.43519734166,218477.94353883137
247,210406.26296087133,60172.317913568695,220545.296036232,208101.03327933425,112376.17958976113,294134.54778143996,256076.48684621672,217327.3574245289,222034.04427868227,141157.0730891456
248,246659.49312788068,311121.89238391304,238331.7526975906,188436.79479204118,133368.5044322097,195001.0448865664,176484.18580522333,264865.22751008463,159792.47340122273,271048.76723514113
249,266987.89484199346,289476.0318672309,193516.07893339096,163536.75397729507,292042.96914031124,217751.1484892996,337030.42887776694,191444.30885647816,132378.09754328686,206431.6239236694
250,189610.40222102051,420437.0661635158,330896.3441472872,249557.79304613208,240276.4494808104,106157.29751118847,161632.1639801504,278597.1007960896,178564.66824343265,161989.35073084093
251,173126.93473932438,247887.9028971366,267080.94601985073,147510.2010949021,99100.71937934111,109842.82462277779,331966.7351591771,134118.01404849306,117637.4532818599,125654.38552428948
252,144144.65355876737,223383.13592684106,251058.24222703362,322948.92025234347,108709.1324271959,395608.7132648639,330659.0788281807,283913.4307946988,137983.78162283084,93701.9047386475
253,334845.98547744035,389768.3818125943,191958.14996399885,224294.45532430732,201924.28887318075,286020.2790443307,175451.3270439707,223393.90338024785,406914.12500275235,97134.50702863399
254,274550.4319397111,299981.9376374937,247649.9068376458,270262.96007066715,100039.70819272328,266547.01247079764,340720.4087170928,17530.62404211417,213840.1458361928,284655.41964824736
255,263533.4859796341,294313.3333109565,170557.2895320329,369360.34651617566,109578.43609789878,275754.8175262385,159920.3652986379,82520.10852453345,165281.5065038265,484901.1937735351
256,239969.050102368,198727.46259535884,136794.844799713,397378.91860893066,243987.9397129863,39553.748785886186,222252.36362604683,120743.73872304348,96578.82195768839,321728.27122949675
257,161359.28081195167,140681.58884261234,252882.58101903673,232076.41928854975,176585.4407674708,239014.47838710668,111678.19810944295,155554.3218730735,213034.33607133297,309151.8467935214
258,149976.69771442947,263755.45718310267,177466.383729782,176328.36053447687,212114.77086189896,326375.1324098924,86237.82283376022,84013.83133110183,171103.82951482153,294481.0119740806
259,239892.0466921943,391901.9767725094,210407.17429569803,254513.56194507054,118940.61572521745,200028.10333006628,291948.47017219843,215115.31492816238,253263.82129316643,155350.5959079475
260,114791.34685766272,220309.53117693076,167905.27705568008,178949.21432672444,256785.04457739918,192009.29202164564,252088.90925741728,192774.77827107641,209274.61734944515,244037.34408826183
261,162542.72935081215,307464.5957299707,200697.79063220057,236162.09599330515,179691.37696363914,177236.85724645556,200166.0767429164,393993.16036906553,197146.75109970747,221797.02893459995
262,239304.6789107268,184511.95704335504,340462.50580505526,384958.5459024515,288578.9694705776,394245.7715438253,138520.26446452568,120204.81509410424,104151.2007223593,158220.73446621466
263,154024.24169705407,259096.90534864523,190793.7724148918,407074.12901342503,216140.17974397866,259459.05867917664,263460.3008290748,211415.41517502893,320222.81022116053,242433.7131773597
264,273910.4081952678,337375.2464519903,198131.44073159006,210598.81802957985,114662.13964526131,104829.49650946524,195560.22882784382,174588.31835060928,391822.58363720286,247326.5138697619
265,248904.42188461946,201877.53231443465,172612.26663378166,173169.36343093845,411777.48879163683,207262.78108704346,248919.13366379729,178792.82313658885,277298.01462676196,403130.31998225686
266,95388.19972217681,105650.49209566777,176328.3266626284,150878.0103209747,113797.005935701,159789.27751694276,345889.19390259846,229928.48456647876,224190.59652673197,273704.71033036977
267,183338.22719749305,286009.1152461731,379523.45061674586,267846.1262092085,207261.32946369416,313049.24907595105,138681.62297240453,207254.31414664586,156747.15868797098,167171.0134315887
268,120256.9113430678,285751.8955855928,172344.16708786847,111571.63126432769,223709.4462348858,151180.00343943218,165819.102250115,238783.96297473536,325869.6048864339,221856.83840525526
269,295845.68286966847,402498.1191785184,222654.40138722915,247110.33909518644,183109.21481248527,367263.368940151,159672.16362818633,150604.35043977198,476374.8074850707,189834.48172296732
270,177303.77811613312,218023.96613485983,185241.31371428183,314792.9886102524,35828.11493847473,90708.9888038146,331520.564375172,210625.1008785122,128455.37949311433,216901.0386196433
271,250882.43702625306,240863.31145259048,338727.8415281029,213589.09550052826,299471.4615842102,288048.87282202777,289009.1731384594,322504.5502205937,99477.99150822613,161850.98008792583
272,375664.1692906153,271381.55645546305,187047.85791522078,327656.2221835599,151587.3171959681,104475.11417530284,214974.9607923485,261520.7348782568,149783.57898561624,273245.47316578566
273,274721.6743936029,143197.74066133285,188711.56398993882,388395.14071230777,57566.225186732154,358744.8552507515,298941.09211812826,179425.50607383862,175438.666155924,190738.76159240308
274,211466.71344486944,336792.554530718,126635.71675695051,175089.6795377404,330448.7906392738,233976.3777277349,248703.15677826141,174325.63550070627,215151.64265799016,287868.0649100853
275,207348.81885912895,295208.3331394921,374369.17339685105,152247.25765235914,193966.50928292266,236934.86743506952,104344.83634669418,188592.2954976092,274786.8369926426,151595.598086245
276,182611.42543794334,265587.2373344115,282453.14822989365,255253.0268951158,203622.32442946927,165939.16357522103,153470.16754964803,312758.4604369585,320068.5823147864,314407.28876231547
277,169726.50068461,81591.42133624159,332491.69592614524,267645.32771003875,197441.41096612636,122068.28334591545,80241.96763214213,332812.4301432895,165290.8625385237,214239.4632769818
278,310007.1599508342,492249.45867983915,177829.35611688733,96750.76928655135,230925.0366037205,362077.5582418575,120977.38704043694,114049.76914644838,210386.64119388015,266406.23294061224
279,230077.6560853724,251931.54730994825,350280.483329614,183030.35239065267,315541.24656652124,132620.75428382037,205123.4651383257,409562.19081338384,242470.5835781879,149287.8591793697
280,145523.67910366767,215770.71148093973,217405.91545377712,253629.70314100338,143853.48421203662,275100.90443292627,434347.59340700955,308941.97046666674,228875.58710999193,259510.4111018819
281,68174.26439466007,75323.94479078356,231300.80593331394,292550.6873112491,238581.61203001553,173658.38122553224,116234.78646029101,426880.5649657455,136053.55876016337,211895.7547647123
282,225690.91896263632,154884.77661005626,231579.4830911297,39382.28709594743,84911.28870500467,134629.25279028644,117437.28612895988,377807.05481855344,157164.08020519215,147472.55140796775
283,257126.37131809012,268101.2596944424,248256.39688735627,125059.17146953504,98833.7422942861,233966.0711820707,177529.90311920413,219442.84585148588,159570.76891789955,237099.12452848494
284,256514.09799563844,186582.43304881797,168270.0822501593,154219.56447177526,204416.2149969232,185965.43335576667,251548.47662603293,176340.36889025458,94284.23356305166,440917.893042739
285,319593.97040840494,191233.91926902859,200701.0098810458,155220.986742555,82089.88673968997,342230.5303472445,105036.40067268285,161999.11676181733,276739.19994167006,283363.52684340277
286,261688.7233375875,372019.2044140996,126888.86385040481,287916.3927849035,307933.46197329694,420711.9065383333,192875.75144170094,163032.05745271634,309087.2565209121,196253.07449427634
287,135141.4656017418,255492.5785528118,203123.92926822524,200187.21377190753,168885.6931470039,167218.9438360423,486999.0936050947,149927.90389952163,369776.12683774985,269609.3945670519
288,166127.46434214312,217123.685803216,214695.08749635066,125023.33577406136,223943.64304074028,154138.4454771665,232470.0675873127,226041.88953833,261364.96317486936,102965.87726094795
289,243318.52044912928,175654.37883852597,263880.75971570483,284455.6910838482,258523.97263745926,250438.14115043142,319807.0874140309,182545.35925452466,196349.93232031868,278025.9062055242
290,182831.94315388033,209691.96192658978,154417.55678412304,229507.91465094715,49026.616520617965,121951.00871453623,217400.1050017982,360103.3464321575,110637.85199240333,255400.96747879378
291,346317.0988815613,205617.5757743617,266183.89967094956,195354.49038512187,144766.20285225156,212835.5863557304,95580.20192388189,218357.63532964658,267822.5283642316,139623.3913674098
292,307949.2217299291,231269.67816684916,165838.07310926367,373821.2242042715,357069.19720241654,191856.74245648333,330520.7148553692,236767.2271407306,281465.6116308221,239693.92283761682
293,254457.36003276918,286834.03045188717,214213.0544477907,144879.54474463774,214518.73773699018,260001.24068365118,249221.05224129616,254072.12189665667,173452.21857051057,245007.90193556485
294,316022.61847461876,176416.96715572197,248360.49440642915,264901.8329323147,202562.5090816181,190097.70718077844,315886.1418362338,202782.54148091437,253027.28626214655,122311.13917223738
295,245053.83931452257,201553.3463458002,217792.4190317993,223891.3295253626,165533.48069194105,178537.94203741036,232725.67132867587,131678.24046663562,240100.505316572,369945.5652114317
296,247865.44955723692,315512.1254865665,145368.08978474222,263625.77204452566,210459.0304047161,188030.10807184363,185450.15157873562,94068.08692939456,155150.96104054648,209538.9031781351
297,175228.78286371846,250248.74747137437,197349.47579126863,301553.66713306296,199489.52134627308,231553.51205712566,114510.76450499537,137384.3793209116,297800.0158160537,313179.0572783352
298,393010.22352102824,267037.43105212617,304818.405325362,230912.05367009368,272705.74852820125,156083.43594224844,307467.5601303203,134330.302536325,139912.52767250032,278205.7665167098
299,363236.8883106058,162971.60880785287,178740.8395904371,201166.40099218613,290482.7992139353,172850.18578295206,222534.4057831287,192980.0202406459,196564.1260628269,159837.3033612342
300,226324.26571488008,114087.87728286913,185568.5206507921,324898.44185392273,198248.54666723157,246113.5057339463,177395.60189907128,177745.32138011442,274756.1799923045,193725.93233317006
301,308262.01618630224,72420.8423027538,285334.4322721002,205092.31704043475,260633.3110864767,302573.5141689256,213651.94720071834,221160.12168451745,203608.0109672448,144456.31094152902
302,253286.27759123643,275533.579087176,121048.81617212709,273358.3451478081,127502.19865402736,226850.0053578098,196118.0415985318,329252.0500701607,250236.79913680672,240283.40783278868
303,157135.33215385623,288999.7016333884,162477.19883333982,128261.73582352114,242071.4743853203,174797.0636810267,312971.077737015,283591.1411215643,94082.53510446919,231786.90932465903
304,163182.5474408666,406609.9639773958,316081.49276346667,192159.75215817892,202696.66973404965,216958.02621308406,248171.11530126753,278886.1296672128,207974.08528173936,220610.217265854
305,265650.64404934883,341327.06804637954,257973.05458946223,204622.90753245045,278006.76682262763,335587.8385744791,297149.7226218586,189306.19486784504,157159.06046757428,422080.281664572
306,202451.32490267957,211590.84683291367,282316.786726558,122926.01461010036,147378.7897175271,176190.84929591735,187828.05725711965,138150.08334622672,301445.62249757024,275387.81190728315
307,435007.71301945613,236788.26993770647,223046.5822493925,416020.04985233594,139845.9575602794,131126.81602233008,223207.97202508245,242097.71633340925,134405.14961555792,291258.2011518336
308,208524.15660854633,245033.8801672039,213898.83034511548,147829.72099031456,231988.82689934538,241865.7194709351,201087.90643473738,366940.29458724696,209911.57721549118,290578.6757165438
309,130228.85368726787,368981.9425384532,260113.6154362167,222116.0916516621,209334.20506126725,242786.0188281854,201083.5443983542,177269.9067768053,194883.48444415664,124902.83304108113
310,323872.28975897044,261878.49514291875,243766.6993361854,176396.66915129207,222553.32896880942,185830.0540917243,310132.7699646887,267711.7153547311,201852.13358749816,377092.41125772963
311,374614.0135284497,145383.23735870517,81662.36825426584,163366.09970378474,317047.1303054143,84436.09051097336,174774.1622426066,290384.1949811107,196613.30072413175,203204.63486373617
312,235675.87686010994,161219.35056496918,319483.1858939751,239784.09548782802,128281.58100620305,213517.98927528807,93495.23874879979,246981.8662954949,200995.90649067666,303295.47584606986
313,197831.82730012573,171911.47491993802,281576.1261230835,150498.24887568757,118085.02027686419,197684.61786615138,100665.60791610778,252555.9226183521,230118.159423239,501369.46497541136
314,250266.74498266098,261741.8363713079,136687.4466391083,184111.17016303513,98493.8235509877,182486.4269509498,290362.9873382013,274158.911075609,275755.94781677285,155362.03526599082
315,173619.0103828124,157865.40144781224,109889.16495607138,283325.8896665429,245228.63320781346,251503.63257794606,120120.45340691626,201845.88547402306,286852.9851622047,165996.15816375593
316,165192.7416071657,342257.9019050138,259992.16641579397,257347.41721587145,238401.96502975587,215747.24610211528,262609.8843930742,166181.4312181612,166424.9323680086,212548.38773822575
317,103993.4940208118,89065.19092170255,267227.1707603051,298526.79481191415,321670.5724346881,246978.7996956946,157907.16943238216,340716.5176426504,233893.36091599928,273302.3971170016
318,103790.10605994338,215789.35019684586,234124.44133501122,138793.25982639223,327274.02248876495,166733.86309454573,242358.89281449764,204040.53953969365,162469.63800506506,152802.91978975898
319,184040.93698080155,129197.06422497531,250722.490714325,301177.3769560255,244595.58134458246,397691.18586158066,199571.89606315625,246718.7774876026,315303.06888634484,197655.8536859599
320,137393.0180801996,217444.29768237873,173753.17709872086,268101.9713450915,189743.4330244317,205968.3296353111,212907.32509082562,482376.3597494334,278364.27806567354,255611.55966370704
321,140567.55928828692,268837.1396827089,200704.5100124691,291707.4440660787,281182.2528085574,123979.0527212723,163784.87942495747,199646.66635133568,242514.60089963366,214675.63633453738
322,210080.59178943216,336601.76303648675,388924.04618241405,224742.64317040244,352568.6048862637,114121.9331207102,207645.4683728265,341688.7855543925,188880.01720538473,151855.51224201405
323,237485.57253162438,165356.20076355082,262553.9222209638,213950.14098949148,162851.0960547771,292459.1765477163,146485.88650885838,218594.40596041083,175985.18030270998,149609.98929600033
324,199461.86171701955,243780.36243489798,142267.21753375285,127259.35404759305,348620.71311708866,312763.1619446253,239935.34888726275,229758.95062734553,376321.2069556231,124369.75042690379
325,126213.70303561838,232727.33432881747,252597.33599275126,163074.69116980268,194925.33150758734,280709.7529554466,213999.04529210948,322822.0179755833,121344.52584690928,149546.7792676671
326,122951.50085140148,151944.7688883334,124104.0742019287,199517.36343841683,320754.450830042,55114.53588039298,189487.56734492863,265203.3290283873,318540.9563587717,323899.99099055445
327,277451.5732799139,211281.76180062903,232753.7625957532,357620.10973479773,68985.11236754476,325950.24034714274,109291.29527774152,202385.46802139597,162968.37744838634,155502.80863689937
328,166562.51243004602,163539.75280172643,153626.70270073338,136079.178243738,288115.68643356324,181209.21679576457,143769.7200368272,151663.44576652185,247250.10616695532,239462.1118753419
329,249533.9227531592,266203.3307216626,309112.1176275566,158309.85555586917,331244.69287934713,181969.70292240236,457019.18231018004,176749.79644925994,269595.5159378003,126093.71011447508
330,370257.9801729323,86408.97550286313,204759.96526443044,172377.3322775039,137442.12360339446,137745.71908286674,105243.81412594212,302010.3124021634,119789.96645712691,210170.2612050001
331,235181.23868123413,446444.8259753065,347957.48015671433,156232.49665862613,151172.15435839343,289038.4239854438,209768.66473945533,269312.9082337932,311876.7521397889,352439.39923748444
332,192832.7799346803,235585.0530366533,126304.02141695563,188272.71878859197,165643.70489981445,317531.9793847891,268270.4243510626,164025.24293493532,282819.518146477,324485.25163621415
333,58629.43252529975,145581.59728034114,147869.92090790195,407877.68467547616,163910.692553396,210553.23437354865,109827.75663579046,312370.1695599372,195786.39566107956,220345.1755061462
334,304941.2704390807,225141.58601279615,238732.48517041752,180848.89931023587,253086.9799274267,219689.04973833807,274092.3357316812,343955.3022198668,283631.7347855253,217009.96484545077
335,172402.46688872378,322229.09966299846,113878.63596425072,314533.1418955276,217017.98428217796,221952.57891105572,333085.0117247696,257620.75591288338,176556.30364058097,145205.256562354
336,230726.13584265762,134569.3215100332,104908.66881267681,324378.5709843301,235415.5610980137,189537.93187102265,209814.42300268388,273117.8987741744,221534.20832129283,322761.6287052932
337,266089.3757456633,236666.96823234152,124800.09345284908,239817.55149435595,191056.63884822486,95327.89931567645,237224.02234318148,182334.56642348666,157440.93662028824,114532.98265974122
338,251165.66842109658,192977.31810569682,399772.5121136557,60956.5286662236,130001.26453732478,254081.08444716624,76792.54718604276,146601.84598834626,266117.45430591865,266209.8946491733
339,253147.69802247183,233386.36847287617,301881.1563719527,214136.6522344495,206666.48854495626,213383.41577739234,426649.1260438181,215431.8482898302,133923.2409678231,375509.65717966226
340,449798.2463041697,276827.3329229713,275422.18942360306,162669.1767635237,149438.2835220463,204653.60537791916,294841.11716294114,143723.29855391406,339593.6479169128,125079.53311649714
341,232069.0772338887,197162.3158059172,326167.1115090989,140962.6922540207,283146.1043171593,183045.7520264032,229422.04028317603,192492.9922170072,196067.1651553825,344620.64617314324
342,99415.69549057973,190303.00941005902,223275.63468324766,187992.8032674867,228101.32884143933,153532.0909114027,358438.25298757444,318024.3801756274,137532.63821170176,67505.73917741972
343,331097.0401051447,315984.5659423391,164602.0853407021,100007.1318674926,235447.19050807174,256345.78152034403,236451.69327138108,170379.9292384803,148571.86766366038,274247.5908281298
344,268653.11700577434,257986.77980491903,132527.08952245725,165048.52162643275,164526.45678435528,255653.75035468713,385147.70299224014,237710.07858253905,93453.84324971744,267715.06156441406
345,246867.57979861554,345489.5305918121,294308.94418020756,179273.50555723943,301056.0894624569,80431.06430930877,278478.9386287267,252582.85646594083,191040.68446690537,242610.51057615667
346,140624.95513223793,167058.91563908607,169257.75325970707,200400.1644175679,186700.8760913354,346472.09377096704,163122.08617508237,208770.15142280198,72290.07628680684,288484.9318986732
347,325925.74394046335,216839.0092457091,173359.64889358947,253189.61117470538,165376.2577880658,283485.3866797905,218432.80944005476,224494.50931335267,190857.5301866925,68481.10470932275
348,283903.1356609333,256629.829342107,220405.76809770564,214910.11015254632,224553.10903685965,242946.51839498762,154639.31481723298,277801.9617152644,203395.6488673928,225490.18959950338
349,461547.6986522776,294805.3804497948,232366.14166078472,137532.27073505375,266678.18989315676,178865.43467630754,274352.0688043233,167583.27376009413,176658.7759767116,200982.73561200162
350,109651.96118193856,225107.06175038402,210111.14702732797,232392.7169736785,216816.9959377055,211284.4195556647,251768.72251797485,221764.38137615702,245133.1860496357,104766.46167206154
351,150151.02228743088,283293.543850078,185789.62769716975,187158.42710202033,263608.6368497778,527818.7435767959,183477.45580888423,191278.84444438692,295746.06011766684,358314.2518091444
352,313044.16526415007,138867.70201162327,294972.4319792504,104101.64193211087,215455.83202296027,416938.36454629037,212103.24419844788,168339.23071671271,173940.06725320278,225750.40360322729
353,263307.105954394,297320.2682445451,138614.8596571613,286928.8827791747,402624.7309779848,62213.443175524655,111876.80926878535,121229.59014103068,299947.67220375047,303072.42104668566
354,287604.2531270175,358116.7876665689,375234.0432900906,110253.64354984087,158590.20376513255,220005.36681873098,236579.21169210522,67573.94314048682,406883.98424065247,252184.73100556532
355,207287.25299978605,162699.5087719933,202407.9927258337,408683.29518915084,168120.77346281166,174842.08572817015,258975.46362233933,281391.85408712365,275462.539033079,351909.86608006596
356,234100.35836994956,244057.60696597787,246797.66430254502,247121.2435949585,171916.63488555886,241446.34190217353,264966.32255799667,417140.6570951198,157566.1003014607,164108.48957243215
357,295063.4630385728,353564.8462633068,462403.60193077923,399495.3453053864,307317.9714998536,227144.3630475183,213715.24030759628,193419.20962575974,106051.22915517607,150476.6038544115
358,215885.13272658925,238332.66735651388,372865.39252793416,244528.2514019116,74616.3786829241,166418.83740141927,155346.04495171824,299815.3859108998,165648.4579576179,191624.65401946174
359,465197.678593615,236500.02585300055,301057.59397124546,246312.09209152174,338206.48760359245,232709.55390290014,169458.4362843175,393430.77043008606,222151.03346688274,258298.2507769147
360,271322.82777833927,133084.10412212374,183103.80551964548,168766.66403728176,80428.29738659944,503627.1838431237,183626.16589170464,225705.77083400852,331991.67651158327,202847.27833905333
361,186043.16112708778,197966.56491978827,257582.12675001292,209393.69725953124,273094.8017895558,193545.81395541778,188302.40200452844,211390.5814347781,123192.1053798693,226515.52528805457
362,234973.5762838791,236446.1945666285,249916.24186906166,119112.69211008165,309412.23844955396,162732.80424935377,204452.20240845223,340909.7682517023,303588.8729205943,149691.90746644678
363,94589.5324697252,232065.26920947595,91314.11529873952,373288.79744265135,237765.68561777758,187970.69965341137,229716.07070299712,269738.2714130592,221566.53047347526,161613.6882219932
364,227193.6331833951,288243.9178733562,100732.15190145609,187926.61879293394,374417.2319140596,355129.0272899944,237278.1979730308,158062.42586310234,277079.93731667375,315750.5040616641
365,209070.68664623066,213768.53584866982,163346.4458997874,73356.67283172048,384670.75557738653,132082.63394311504,210315.01787648184,273811.5190478781,169522.57878152255,224416.34714649463
366,389963.04039730836,88670.86574317678,184425.46823986963,156963.18223932182,189068.83601032704,425274.9096785267,306470.02468401095,114514.30775061037,164076.29069943147,356585.7604389293
367,153321.55316805997,113100.73633464647,200681.54219602642,214116.21501303543,162936.95005514528,261158.72025379463,298120.4702874182,255971.57171490826,306259.5596267652,202670.07873403773
368,93084.15514063633,164853.02514785525,150213.93844784005,322229.6618871936,303740.93166700285,150543.76241681047,301285.3180409819,143681.2120342733,199826.1230810178,215248.5179565107
369,319508.97252452926,291363.88572868216,176384.1759457999,396812.545668765,315699.702324482,238005.9321845061,151395.12181145133,207471.10902562516,281039.34619807545,354837.35772076726
370,260186.1988125747,218597.48938841966,194099.91410703433,292311.82215802115,294158.53909404407,73271.91413468766,368439.65451874625,46221.115226439986,53011.906620509384,161485.8810073516
371,279697.7780807128,200498.518040571,235682.6137814172,280180.0382071637,206902.72560118194,60528.24371005689,181651.3143969825,217031.7749945771,301822.1172269988,187692.59399203226
372,172988.13828825267,248023.6736735326,127454.68513056444,198636.81651403208,153087.10510351864,175637.90244399616,209936.28643390525,165183.38135423354,278260.8395619823,123771.80849405652
373,83116.40710585564,200406.4836757399,103164.43076981675,282007.43593034585,461039.77953473316,276385.56906178046,218385.26157199923,201246.31580187174,162722.64949522394,300335.01742997137
374,113493.40519301979,255369.01283297632,229810.88007024126,279645.749088675,254194.19059513285,312633.2270349543,256647.0572686989,178256.62967513563,187091.88728903775,192412.74654161395
375,157467.45255275076,174372.7871001492,227088.22284413638,229986.41218050304,136354.02924046764,299572.6227478483,130938.51627986677,75822.37998815984,253964.47712151174,93113.59135283835
376,190739.2526531282,233245.9535859438,374145.128295361,146707.25941483516,318370.716617872,288863.93225453247,199218.55267022294,320989.2933584461,257076.03652184515,441335.9090155288
377,330645.84941687505,176581.75871189398,231793.1627201676,161101.0959493682,273681.5390296669,370658.5416722123,346320.5211385896,266640.0159299178,86566.66316493138,284634.1177729465
378,244577.11726452704,191340.76201589924,121821.45442380218,168755.09708895354,187279.8718942756,259725.12537439854,188499.13454015544,211987.9364715723,304901.760842239,82530.32979329687
379,324526.41557812574,227174.90216459412,302191.3396962969,194405.7166525769,108120.37486659587,304393.20638104726,186690.48635759397,303461.3731261026,218583.33580669787,155873.7576423419
380,216347.20664060363,249494.42799110024,431671.9337485325,202924.23184104482,274939.41898891807,188555.50532675761,310419.32495456014,145166.05579500436,178256.759256121,201947.40274252422
381,107774.6544886088,70129.92203480506,231997.73276138853,141351.66089584492,529940.052971015,187309.8311608325,395576.8820277174,232770.3126833937,268319.2846708994,318365.2040715411
382,330389.94073501695,145843.99611861742,148410.8229165633,129072.64545454929,190036.55193561706,352114.9944424554,245052.37054093846,144531.19902977764,186690.80342676898,178462.60172638478
383,297199.64913794905,175707.39396477005,300604.20637392736,189061.23620583498,157506.5804857897,216333.2800704163,164952.31394140056,258703.41221306453,225061.46118430543,332953.67099504155
384,412529.28606326395,157917.33052533527,143049.41867963353,266586.9351663933,335677.455308267,279607.55459657294,251000.2091003544,196385.97693698911,216707.89548327448,269006.09791249403
385,274341.8983409841,311658.8187883302,269771.56063266983,139916.77041296088,110277.84304451772,259493.82849799545,137199.2121532319,158217.64399230966,244643.70554525798,184929.07928735617
386,55320.079742405185,191270.33372900766,106503.83667414656,227530.1845613622,256793.46792955796,258853.84667197778,156134.9993105587,38079.62062167448,190550.7880667253,214532.64073246054
387,125237.38869877925,342708.78359385097,146237.32797549688,119611.59921719291,273867.6318129157,160545.3304966596,259205.04219915794,344241.12146225513,357413.0841262943,147475.88696440143
388,164431.16976071172,256301.23894888046,85702.7819899887,180593.2507928872,231101.36999663434,92296.04401709295,308564.1948601313,170532.5596531137,352599.7735997694,184634.7135464593
389,141869.33988373514,140744.02217851664,326863.7094790974,194251.83160532516,285510.8636287915,341824.07548619027,157243.57626747675,174504.61403800157,210789.01921537693,226125.46112354822
390,266992.20958615944,138580.9373427948,200383.18015662333,265213.1290085438,160732.2008521514,170599.98670881698,193162.65821556008,212745.86185775607,131816.3408725087,259789.60631368557
391,108039.82197320418,256849.1022036645,261470.87061712448,172391.36922727275,106947.37976316894,223972.5422947084,271200.3587744452,140698.10870151594,212903.04549874715,270090.87613011384
392,206105.36817605843,240758.71764808756,166568.06197875115,286841.9764062462,202091.90519454167,350072.2453738047,195711.09375327258,120723.36983715839,200820.09426832947,99578.31425175845
393,128500.23401425785,94972.89204354136,79360.39520670315,285767.4561089209,170963.96963252893,223803.79166343773,154882.4633816317,238541.1914818877,288330.57492832764,78835.28851713585
394,267891.717258094,245656.46636331678,100717.54914532183,207347.89285734523,160018.9394991567,220297.70703260874,172982.13008763967,209956.18093806482,269673.3391875975,194894.4006234822
395,166334.6035153641,200164.19728968746,144865.48721609137,290608.6817506691,254027.67547456716,187409.53609775536,184664.3865865246,405732.16131017834,224973.3391699566,224271.06514204625
396,175803.76390257216,297842.0155012397,245203.29665078074,289701.78831869824,214090.49246183873,78212.39930291595,308264.72895420686,115999.01995536922,270989.0851185724,237974.86696233664
397,232630.55910544176,183924.4557822673,256904.10675318513,202858.81512956848,253830.88883519708,130316.70960619184,211172.99099711725,309064.6783608418,318144.5071776523,283015.7751436082
398,261565.9234688997,124145.95395772082,435889.01519353973,330920.45114671695,211257.67355140112,39759.13962151359,111783.65911533721,247105.9276654031,267254.3948795531,203740.65268722802
399,132704.9669941636,207608.78356613408,256027.1827544603,233758.99569662687,98521.32372127932,274070.12449833425,229421.0254957496,175880.78625306708,195417.81514294542,66268.54214251306
400,225689.45129632595,176595.16931414674,283540.6218158884,412439.0670532208,166336.2036370124,319251.8021910604,169971.96696229294,132787.4690854281,147132.92298179748,328118.6536829894
401,214863.25987923163,395222.47179337183,157072.86986423546,163717.11531802235,234047.39262347753,298913.1704775507,317933.26756899315,319733.7148885839,74704.92929194165,205797.90871617114
402,260904.40837203697,215650.69783390337,138219.32721320202,223083.31924911524,211492.71115431908,178904.07790176108,124012.62796921175,61856.52747366255,425865.0529488428,327757.920487823
403,431425.4546822429,175963.8184412727,151136.0507856331,154359.91469709037,138061.80604389193,74925.00017964162,237229.56743680968,214137.67030433027,115425.22543928388,333451.145021434
404,303667.99986255076,101121.01167186537,171294.76765944515,134756.16751948948,167324.57281731238,213905.0993186325,249149.0150882892,323303.31284094555,99508.22950912212,216690.64872394482
405,347751.75035410956,94414.40685067933,138177.1562595439,165861.8935440072,189054.17839276546,181756.49206194622,217513.8972158572,240715.4311822636,110117.89401439896,155189.71394617113
406,311101.5473488079,321894.8822278648,263739.37058147177,220937.10741460562,263139.17097474285,301034.97015205777,383694.3977327859,394421.07234736835,235033.76710283107,219300.87482496985
407,208587.89455898534,319788.40255094355,212026.62477719394,315519.6934137223,167224.53527060035,202590.93720578478,149197.97837341693,182166.5749821136,268121.55346085364,250101.71165025444
408,162867.62624511568,269902.5248847646,111870.14292446926,57389.98275707592,231641.451316509,255580.56220561473,153781.39703571316,93699.49669517596,256199.91721195704,279354.6263993725
409,213216.8029752001,181207.3799378159,216287.6952671954,108145.97534194085,361163.83281320817,240907.6989548456,256136.97417849806,192834.99572005915,330063.29439820093,197845.20645626553
410,97081.24363123829,354258.65019799117,307770.38678681466,48461.35268221462,218557.26996070202,284383.5677379372,258586.9284578877,209655.4510898881,277442.3062056344,151512.51014736737
411,204154.78728702938,275515.37739672547,153940.92255431236,157063.3425039585,212364.5815655401,173477.77635130764,385122.516490761,144088.31887400913,267039.8082944009,43561.34246225053
412,274197.35942795244,294057.5847481998,298674.1319213452,329120.8550211999,105177.12130701533,254068.16798750212,282006.41513164603,339087.7996551192,188544.16442104656,188680.20390794813
413,232561.28624530445,120308.05991616649,367791.48443454556,192747.58282040866,165057.0642805018,203685.6725225572,89999.38162714381,283107.40397916315,256968.33225373417,186487.24936516688
414,371358.57601499563,390344.561995163,159049.34149711224,238033.63403950812,197865.2538685673,298700.49967290205,114784.593164886,200331.50422095731,188470.24205466028,252694.13115687796
415,214518.69725741236,212271.91909398427,130099.15014497355,201026.74088191107,257279.1564425528,360445.31745402917,227501.59895897,223842.5111863023,121291.61964311214,268375.8761670358
416,167697.3638112258,236760.35750213065,93796.22795789204,227071.41393053794,244648.71759502846,512957.98735165165,257341.61460062658,163171.87406809576,223379.3568156986,266930.87568402855
417,284887.35784784995,72687.55929685451,115929.59544249633,340687.67076401424,176982.23532571038,242840.6747271354,149564.31286123063,457435.3008124775,401974.78337449266,177520.332688547
418,445390.22205726366,217472.7895398026,298342.2976936192,103205.22623984373,142529.61421451817,120029.92671588005,113009.73311240166,233958.50940739657,268646.3792979627,210850.71336591995
419,302702.54966733267,118690.83026675321,182205.25139638537,181265.43831527888,319020.50883881486,176802.2118021982,188208.35363765364,238591.74356328172,133386.95809310384,220320.9292918392
420,230299.29926532315,430050.0816260598,441034.73689392366,439554.5222587285,306426.6466103564,243016.57612856632,149636.79703185125,163899.5817203778,157724.2464611957,207130.77628808893
421,177693.68235774623,207485.14793335617,116385.26908708033,243765.24664325296,67823.41000006665,266404.42431788833,150505.87350387324,168009.85376384578,191092.9668845464,246465.63907141198
422,428107.0539880524,157126.25458093232,288237.54730755306,184981.90808219585,288267.4479189499,239502.57159741834,134187.02490751052,286209.7823687772,282496.2755463671,276092.06776780705
423,139136.26533925068,155567.78526301752,343008.93707820546,163041.62921887485,155795.5962590443,244375.30223981128,305076.3779708649,109495.0890335288,212878.98319956745,226826.9477182009
424,214800.84837933944,68028.76211950791,257525.21371722964,116450.13076389593,250253.8328786495,149366.32514886017,242787.23368415446,203611.9102554497,287296.4188509068,335197.83755847777
425,258382.1209975816,354090.6961544933,167603.37203144009,279071.24150127,164257.9922944606,238880.727437949,238175.4071978063,266180.2186693297,149397.1054691691,248519.65132092522
426,257866.44276670823,256198.31701697072,268539.465420691,274942.71463942947,265592.713146977,211763.30030490935,360981.86089198827,92259.08890759936,198523.51030573546,273847.6990036716
427,319090.1268316733,218613.44803901535,278602.5018239899,183368.06692105398,216534.4160340219,336820.9940111915,253971.7501476969,176390.37874975457,204495.5078754474,182222.1923072104
428,170823.49151778704,209681.03183056018,301451.039408928,182105.21063639835,199172.05159321477,175154.59644722706,233291.13273930945,171512.3440297952,101307.34215940471,353109.68102938967
429,231378.92948991977,180343.04529390507,304264.1044144395,187012.16876330652,364215.1909611817,160381.96286012995,299199.07527795737,174271.4528443307,194514.88753439058,230217.46572440548
430,288207.8748179898,323676.99375199166,366482.7613697766,165310.17665705888,308351.4176624096,179894.5894725032,204638.66327337147,204499.63454708556,155700.38157302432,224572.26622355677
431,414665.90418989863,213971.21996825264,222958.77359568974,392309.0649529912,134246.02582366354,367544.38232394337,311311.31534222874,189435.14394698478,253877.47570833575,176409.33668565977
432,373053.7959921127,130045.55533673738,425792.5649718937,339307.21670385875,285545.06675058464,171515.296842091,122376.18933015416,169117.8256726017,123299.44225544139,323749.6435551393
433,316800.07461728714,300726.50417899335,242640.0105978152,199789.81376925774,225723.07000028572,189607.31988576704,118877.5960922186,309208.94316192006,288311.0551202859,290784.3103748673
434,189118.8248816101,102872.96729437963,228808.2870931765,130395.44960760756,154860.35831579895,132454.49566696375,184677.97757018093,117105.21184099469,266736.027525179,178784.27810512335
435,149729.60828737434,211619.71559548436,258994.12715179994,239266.4332206344,349139.3250715382,211744.08107703162,119292.35323855837,230035.1239791683,151917.69664393278,220933.64996671156
436,254039.87475090276,251125.03171701354,360094.4005067715,159245.46247180735,69408.63562832634,438362.80450335034,165574.42096715915,332070.1466338138,225908.5696503039,176528.65616669186
437,221350.0741323055,167022.90959924125,216583.6518995376,181943.44236225192,255848.50874788096,239786.5166845172,73639.87571958124,233046.74430362467,192599.88850871875,199053.5822594524
438,448353.6824583342,172132.105394574,105487.05299640546,531021.1991790502,51463.34343417076,164358.9400502408,294246.33450515004,384291.57029898633,302422.7029692437,422414.88570783666
439,91225.16922670984,140262.14121325454,108069.14013410827,234774.79551334248,224511.3228260036,198426.0305133704,122451.86573760287,195425.68088330782,294939.9806832017,179151.79248968058
440,185506.3478572234,295500.49916253414,381248.7754762224,210655.75098792947,159293.17528387342,318968.05897813203,225606.9794260839,220674.41086021473,139866.76627727234,167631.4920480643
441,396575.1190645375,170947.17507376656,142176.9640159737,190869.6932248641,132134.11323663258,175972.33470542482,205916.10072542276,224821.30273512896,370677.60615371447,198651.7709901652
442,300517.15216043126,158153.02263263645,220865.3057962017,231485.14193069297,342306.7036110826,327378.460334474,265525.0011815939,258946.6805787218,171025.81351665314,95134.03968777857
443,192667.92395160737,139048.7357787092,268375.8917899055,308665.3887098299,203054.83527650536,195788.35589926448,117114.52504284841,158501.83106573953,210670.9849084205,149951.4027408458
444,257674.16136628904,326847.4064955844,194163.8594757823,252533.46456436173,249284.18537732377,394896.34133415454,125200.35972835896,106679.49986596081,291464.88136681804,293819.0469813688
445,217308.40949942142,225107.7225285601,244919.52803701896,249199.08338852745,216081.0039746597,200311.18727669312,289161.73559778545,306763.50806010514,130875.98797703329,304165.931492285
446,468655.7599628033,193240.50251487686,237051.47014429743,121203.94276166441,92795.7095995115,206191.09909172833,301387.9938178216,380702.9450646249,240856.97432053738,273854.18484051723
447,178207.7998706142,194661.68823555685,238572.7292855418,249528.9277086761,150263.29788758498,305753.08559412806,278866.96070710267,306119.0412222104,229061.22969380912,168711.1677594272
448,103818.11881511375,143499.2600166946,222261.7450566896,183644.16872152017,235181.3379239743,140696.8347435013,225154.79003361985,309943.5582830154,298940.0675109854,121920.95871736546
449,204090.0534338438,177523.22433416295,169460.91628798272,304427.1350653422,148985.21373459778,141768.78443692898,180143.3557926094,154639.9492848887,337867.06135339104,236463.5191131494
450,301880.13077433454,252769.962583199,242288.38810354023,387807.854712668,127055.5017532165,308849.1165622753,152883.5906939518,182852.47635826122,233516.28473463433,233509.03990189295
451,70795.63051244724,125912.86302636644,169038.27958537254,272612.28266422264,251928.81809822668,84224.32941832613,373090.7448716707,162399.37131297696,211086.26629745442,238387.86741273003
452,179751.07119271962,95319.49313534914,128476.67448789573,100784.89642080395,140488.83615226153,120912.77569585765,141835.82952428405,202985.29711536557,219379.56197495534,104408.64135862431
453,362091.0988612513,302145.68255743914,193876.54290223896,217433.11999766694,189839.10551111307,420482.1489918137,275144.12639635394,105870.44874234172,226646.4491554204,246680.46608015525
454,190944.81891027174,238277.72128229766,258017.5917117892,208125.24755308294,186475.73741147434,253321.30657782874,323647.03701970726,237773.62914790725,191864.55160080883,251419.69351585448
455,193319.20246852445,198439.28613347892,319726.92959335237,171752.16244516324,270767.74324498384,127867.64334459054,161191.33734048807,144484.91206921695,186746.34690157083,129628.93533121856
456,182750.8290512672,206976.35132227896,244426.5863513044,268775.5432861487,380784.1129930349,272635.17005147337,215037.36383813602,317778.0949125419,185050.07906227055,155919.10307517013
457,194773.9505124778,90057.54472819818,296904.7674529875,329400.8412026592,217401.5530129168,244918.26047532665,229388.04532345769,106491.66348739839,242356.34187137499,250326.33290551868
458,113852.14906650558,285933.18846462143,200366.85157284452,111393.60785642936,172748.79154546012,148220.64767823005,245510.08940377683,124944.04298771848,145909.18941465655,177410.88839133864
459,203526.29223935265,332854.2045614727,177157.96485661302,74012.08181844842,225388.58454060537,279496.8520815489,318932.5416167257,249301.65353914298,256079.09303419583,314671.22945093096
460,314816.9964713309,160688.59345790825,195841.01809372706,202359.3162149694,198128.39533915662,337963.3694095766,131475.5537347175,125640.70524622563,156364.73095973142,293075.7404316673
461,331874.6610708816,187303.79557665723,312727.0170333269,240715.64087207013,229388.08440822287,209271.80399031893,173768.71166419247,280897.1676101291,228282.11489928517,261867.52096095058
462,299470.5029668325,62630.708206843694,261641.22683382744,389747.4100873562,283562.7422853613,109387.45502962715,190321.03767164348,170433.8241260061,163780.02208969367,180860.85753493782
463,364146.52009608294,307937.307139149,188555.81571283945,257351.37200463246,182604.6885895154,152478.50157448417,207127.54401646482,181940.8984121665,156119.09364887257,302084.23660673585
464,107770.55953514908,189485.41375133034,209922.47309365388,301237.2858227527,87039.25107160052,160571.34277666936,245572.7365305572,330004.71405433584,227023.9660498739,178190.14006569696
465,163142.37816785142,115952.26042160312,446734.6872202498,126867.6028108271,243422.1244263484,143236.76074365317,274002.2719622148,69519.40307228996,209468.46536165115,427088.65966854076
466,213515.65311750415,283282.85042042704,279778.31333595316,259423.72796302915,100928.94317283703,139024.4977911713,145195.90015153016,182120.30767879033,173825.68735102008,130276.61490644744
467,303812.0215060751,132711.6927686965,311585.8923702637,352587.1268323971,214750.1175632289,336535.1386841234,135584.3743116507,307908.77689287416,300906.281242335,309476.5558024978
468,203522.40684700225,216966.14687316108,323393.7195446242,383215.38398866396,225736.3010410014,215137.1907625792,162188.05066500825,205524.36910157936,243729.75736017575,230506.65202774896
469,247483.75089733306,288214.87972276774,148348.11340797384,344745.50112365826,96872.43189916106,279449.35486687114,268521.9190192166,223713.3236057045,349521.6217904399,115895.1916255263
470,392943.55901618977,307853.0734035857,90387.06197274878,306115.37200927024,245584.10198936838,355793.8967698421,136290.87501047488,220914.2942587388,237688.09023269374,285863.195593469
471,178133.0537422475,127834.3128576623,212559.62672202763,272988.9065102617,173872.76916997205,188090.97470093996,312311.1908231208,182499.2505231495,116771.5515818619,313320.1411414578
472,179787.70030820815,186518.65212318167,199966.82970814098,98840.33012901283,210591.59638264918,304086.5395400983,117753.28596342602,168329.26668441595,173192.48656130524,136320.7631345762
473,124122.67858651411,160186.57042643166,335186.64115015324,142220.91040627024,123731.30275471766,129290.3087881901,269575.35956881155,510906.8861953157,364122.21730864875,299093.8211015642
474,180043.84679928658,388889.87821213616,333946.4151008561,265542.82091545773,346688.03176389204,202867.48045561012,225982.87593498814,215841.62165042915,154818.43132628154,137032.85800579557
475,321296.1781703242,379981.7055717992,197212.1222963054,197940.01768058544,340673.09369377163,168697.5574403586,213632.80216636902,314772.5131388336,70426.70464405062,152410.12393222091
476,171716.48365515913,369806.5714372133,242424.0871192027,192820.25490328023,181295.50358500698,173038.0997542183,362010.01986822987,366075.89311917097,194352.4386986227,348782.60597818246
477,323643.1212112786,216966.56541533215,188491.01177558774,248217.54046412237,96310.44563145502,133415.43951870792,248563.68663991374,178656.65486462438,178240.2840870619,318540.3550316963
478,219437.22082695016,291620.9785393361,141849.21374632494,108936.6427494257,218874.50364131975,303063.28556149616,84827.0707348559,291581.3182185974,222242.3306130847,282770.5520892143
479,299502.01560831495,128798.92779776895,84729.047437629,362588.94488852285,340061.3409132146,199180.96158993788,233419.40809461757,250019.5267377692,228265.78556887762,169958.72439405767
480,222511.648393111,337443.63928762637,172306.03042437282,253657.29555727073,140721.5727651738,140310.94000692118,151150.3829435946,246255.82167113668,355523.94518477493,118286.79876630096
481,245550.35610883814,257156.88497785368,344172.77584305085,313036.28055188514,153103.92009167315,311448.1955849412,169232.29298975255,133847.8277544653,335751.57525995,188279.72856043122
482,141208.85717022902,91359.80613517178,236436.11070290883,215707.16611090375,229063.40075212298,118498.47487393058,161275.62583175668,174501.85974685755,194124.3128644297,231326.49590623757
483,200150.70296384505,110833.04461599913,258720.082631119,276433.2174791328,229812.82192157872,106089.67794182862,133024.63895009633,148738.6562110911,204642.64021049032,134042.27269096323
484,237386.84605584748,222314.4618763967,242097.90792971363,192509.98013854775,96319.26439694654,148506.18096849328,49119.477681397504,316415.0034747274,332179.6027657416,192328.9058656921
485,304554.0626609754,328994.5772533321,183911.46598946722,159135.77869071864,246204.91637026326,330134.2217063277,378782.2788397123,139590.8005549807,401713.96554085077,125146.16159439736
486,170615.82343928292,453247.97348422254,210281.4369253486,350056.05349894776,273520.04459154024,99576.36727469701,458336.3146781955,317220.32186039595,239665.42950952903,93353.58778840749
487,236521.3629772659,109752.29854910946,177304.00245022934,108766.09472508407,197794.88830412482,99464.53977565051,222912.85767379001,418597.4619218686,147377.95199327098,111078.80374582957
488,146917.2779953115,287981.65083000134,217152.40943888854,179454.0498082333,178741.1751859133,240982.9193693554,250073.1902527901,248567.9302031697,194032.8032917947,120195.98064088353
489,184334.61258184336,361779.67900769366,219547.1532448222,71498.0320927809,165715.2766881527,319324.7239014216,271404.3093198852,123451.36890177752,273714.45309974713,240613.59780745595
490,329949.76287586684,170379.12684106568,294501.1019390393,291256.4795862561,140195.69855104148,227638.89184842125,184479.67493364267,224158.95613775915,215617.93227190926,124746.69708221547
491,107264.87192087152,196160.0411544011,156097.23945649262,348887.00850318285,283968.15105223964,230684.33314017375,203950.27751905355,188478.06729242767,257368.76636522968,335177.07237775356
492,265687.44224895723,336651.9436415596,186431.3825872554,135497.18821553327,107180.86863428404,403654.0677776881,135890.0403210924,280427.33935764816,218121.98047365638,315932.8644127508
493,356941.7844486591,236593.25255176742,191624.37426746107,186370.31188204346,166959.07649550377,225408.19005012495,208413.43527638275,330494.1390715679,398357.17938493367,289587.8882024821
494,207284.27053874425,94714.60672483308,123402.61744804418,269446.2074349618,51846.17986117524,305355.2067847208,255146.88799669128,236343.98306652033,93631.42688011666,247563.99932549975
495,518708.4901091462,155320.88129594945,148393.02600915602,253347.92807723122,238940.28406785743,193317.85628337797,244470.70404079786,269934.34392936825,175362.42694015295,219234.97876096755
496,159544.8970106996,193160.93622194979,108303.37488564893,138859.878893736,281216.71353165986,252739.91752479438,205965.7023260351,153517.33147807448,244781.89384606428,519793.8857715641
497,162073.99310546322,227361.71666975628,235753.65984591123,162541.443970471,174655.03695867892,188782.2978252595,337507.2711968348,238690.05662335127,233955.81107793722,188132.85821068296
498,136924.37198624265,287076.3236948788,188043.6221712783,421937.0668405575,209487.29573348488,166059.2054215559,276914.7017355639,346278.63033993787,226129.04053873286,250073.05388323314
499,350026.3349147132,127504.56528616387,245916.63027754176,123025.63602850393,259301.15441190833,283792.5349950107,176531.4853015485,294576.5434682482,293162.9682506194,200424.2610142402
