,INT0,INT1,INT2,INT3,INT4,INT5,INT6,INT7,INT8,INT9
0,1.2181983899990882,0.6101914390001184,0.5923345600003813,0.5861970259993541,0.5898607580002135,0.5841003780005849,0.5815703970001778,0.5796155379994161,0.5812953680015198,0.586366323999755
1,1.2011599020006543,0.6072834139995393,0.5893859829993744,0.5785761820006883,0.5881650849987636,0.5873706509992189,0.5896500199996808,0.5816901990001497,0.5776229849998344,0.5878776230001677
2,1.197794163999788,0.620143915000881,0.5913823989994853,0.5896225500000583,0.5838862310010882,0.5838782039991202,0.5886169240002346,0.5809737769995991,0.5872735299999476,0.5849203289999423
3,1.2084610090005299,0.6164936759996635,0.5899998659988341,0.5878371539984073,0.5874593110002024,0.5901448599997821,0.5851836870006082,0.5827567360011017,0.5757508560000133,0.5850774629998341
4,1.2010754240000097,0.6177480269998341,0.58862026099996,0.5844247130007716,0.5840990529995906,0.5838801089994377,0.5862893600005918,0.5808017750005092,0.5826354259988875,0.5812483139998221
5,1.2075244190000376,0.619356858998799,0.5925770060002833,0.5870287319994532,0.5882371719999355,0.5860579199998028,0.5891099640011817,0.5821418840005208,0.5808096760010812,0.5869159429985302
6,1.2052637659999164,0.6177549580006598,0.5892918139998073,0.5817139970004064,0.5873190090005664,0.5832200620006915,0.5869876409997232,0.5838684520003881,0.5819898649988318,0.5829706549993716
7,1.2090762949992495,0.6186688720008533,0.5906927269988955,0.5880699660010578,0.5861887970004318,0.5871734529991954,0.5900179800009937,0.5798225710004772,0.5874436970007082,0.5839605139990454
8,1.1999313659998734,0.627903910999521,0.5888612079997984,0.588991172000533,0.5857887139991362,0.5832192930010933,0.5848965999994107,0.5861500849987351,0.5774710850000702,0.5801193379993492
9,1.20096039100099,0.7302729710008862,0.5913236169999436,0.5880950070004474,0.5813920050004526,0.5878106990003289,0.587797882999439,0.5814609480003128,0.583042132000628,0.5879038410002977
10,1.2089035049993981,0.7395589459993062,0.586791515999721,0.5882674069998757,0.5883968130001449,0.5836019809994468,0.5856880690007529,0.5833606889991643,0.5819264940000721,0.582990188999247
11,1.2042941699983203,0.7372280870004033,0.5954077019996475,0.5873285020006733,0.5845984319985291,0.5837865310004418,0.5830564129992126,0.5824012339999172,0.5805636679997406,0.5865238220012543
12,1.1931393229988316,0.6985512680003012,0.5913631729999906,0.5894089930006885,0.5888966410002467,0.58708156800094,0.5845640269999421,0.5777704140000424,0.5769016209997062,0.5874271800003044
13,1.2057261690006271,0.6069939589997375,0.5904250849998789,0.5880137450003531,0.5863073550008266,0.5822311929987336,0.581225297999481,0.5811445550007193,0.5738994269995601,0.5836540459986281
14,1.2020970819994545,0.6046517830000084,0.5911328550009785,0.5859370660000423,0.5837473810006486,0.5829827329998807,0.588110635000703,0.5828329750002013,0.5854508769989479,0.5837347490014508
15,1.2056501740007661,0.6100979069997265,0.5887396349990013,0.5858665219984687,0.5873698489995149,0.5827141720001237,0.5868850949991611,0.5791346830010298,0.5816419180009689,0.583830264999051
16,1.2092529549991013,0.6132765990005282,0.5983610559997032,0.581588750001174,0.5877024770015851,0.581562617999225,0.5870829480008979,0.5875128350016894,0.5878300960011984,0.5815717020013835
17,1.2010513579989492,0.6061423480005033,0.5902680519993737,0.5885141039998416,0.5881535009993968,0.5892056230004528,0.5911621260001994,0.5782186379983614,0.581478046000484,0.5837540819993592
18,1.1961162040006457,0.6118481320008868,0.5887436529992556,0.5870018440000422,0.5846730270004628,0.5828453850008373,0.582548845999554,0.5868005890006316,0.5753122939986497,0.5793937120015471
19,1.1948371320013393,0.616887777001466,0.5910535709990654,0.5865187420004077,0.5892905319997226,0.5845165440005076,0.5808923679996951,0.5836355720002757,0.5824888289989758,0.5830263429998013
20,1.1982839859992964,0.6065406829984568,0.5853414560006058,0.5829642429998785,0.5841475819997868,0.5904714970001805,0.5863768250001158,0.576654555999994,0.5792814180003916,0.5810659590006253
21,1.2028451679998398,0.6080806669997401,0.5881284450006206,0.5887646270002733,0.5856710489988473,0.5901575539992336,0.5863920169995254,0.5797501659999398,0.5795379230003164,0.5828007999989495
22,1.2019323679996887,0.6102079359989148,0.5924018440000509,0.5869007199999032,0.5865223439996043,0.5916707169999427,0.5833903060010925,0.5809188340008404,0.5798801310011186,0.5850581169997895
23,1.1974095500008843,0.6031994200002373,0.5932820939997328,0.5889650640001491,0.5885733529994468,0.5845427740005107,0.5825191300009465,0.5848193680012628,0.5801966220005852,0.5845666950008308
24,1.2007999770012248,0.6091227100005199,0.5876096709998819,0.5875562510009331,0.5845634910001536,0.5889321119993838,0.5871901360005722,0.5777246560010099,0.5810903450001206,0.5886226410002564
25,1.1968137419989944,0.609545283999978,0.5878974130009738,0.5925126599995565,0.5828025410010014,0.5831954099994618,0.588870413001132,0.5816503500009276,0.584940769998866,0.5865213790002599
26,1.2042018129995995,0.6114850419999129,0.594279708000613,0.5849838090016419,0.5858829600001627,0.5823883089997253,0.5899522370000341,0.5824890679996315,0.5808004840000649,0.5818711090014403
27,1.2031705460012745,0.6071010889991157,0.5940840460007166,0.5877856990009604,0.5895660599999246,0.5907847250000486,0.5832790869990276,0.5780378010003915,0.5809277970001858,0.5846201939984894
28,1.2024459409985866,0.6096149329987384,0.5981523840000591,0.5839135360001819,0.5851812290002272,0.5864647970010992,0.5910949319986685,0.5844023810004728,0.5815053620008257,0.5832176129988511
29,1.2010993780004355,0.6093976639986067,0.5901293810002244,0.5887408739999955,0.5868459680004889,0.5887602269995114,0.5887965229994734,0.5872716220001166,0.5779933079993498,0.589386697000009
30,1.1974847550009144,0.6116300409994437,0.5910102850011754,0.586233670999718,0.5852302969997254,0.5847273690014845,0.5876041850006004,0.578920105999714,0.5838081099991541,0.5783586599991395
31,1.2129033050005091,0.6095418139993853,0.5926020200004132,0.5844430539982568,0.5896643089999998,0.5788697340012732,0.5897245050000492,0.5803390359997138,0.580253938000169,0.5830210959993565
32,1.198583683999459,0.6098910510008864,0.5917182349985524,0.5873328249999759,0.5849505440000939,0.5846633439996367,0.5919456459996582,0.5776867650001805,0.5802051189984923,0.5826008809999621
33,1.2206350319993362,0.6069850359999691,0.5887953750007,0.5855899409998528,0.5914505839991762,0.5831185639999603,0.5877811630016367,0.5815627809988655,0.5840648399989732,0.5822941089991218
34,1.2037543719998212,0.6477395829988382,0.5888778610005829,0.5864046530004998,0.5844761219996144,0.5849644649988477,0.5887289950005652,0.5769322460000694,0.5827893400000903,0.581680242999937
35,1.2058412619990122,0.6322664559993427,0.5887398479990225,0.5884457000011025,0.5826533880008355,0.5855947000000015,0.5848081980002462,0.5801340279995202,0.577549216000989,0.5818417059999774
36,1.2056428539999615,0.6110786760000337,0.5895678070010035,0.5863958850004565,0.585990898000091,0.5844428769996739,0.5818615290008893,0.5839440139989165,0.5807179860003089,0.5835117710012128
37,1.2006462650006142,0.6168299319997459,0.5924243649988057,0.5872495670009812,0.5874267449999024,0.5849730659992929,0.5837406099999498,0.5805772069998056,0.5833291110011487,0.5862208109992935
38,1.2075626210007613,0.614500269999553,0.591345361999629,0.5864036809998652,0.5903845880002336,0.5898963390009158,0.5875198680005269,0.5803370970006654,0.5856064319996221,0.5847470569988218
39,1.2029326189986023,0.70496730099876,0.5916572629994334,0.5874836580005649,0.5843328480004857,0.5848751459998311,0.5899836629996571,0.582173396998769,0.5793255300013698,0.5890297160003684
40,1.2139543639987096,0.7161152009994112,0.5878361930008396,0.5794981159997405,0.5872304709992022,0.5874454350014275,0.5802957979994972,0.5767242690017156,0.5847377530008089,0.5840707530005602
41,1.2117404970013013,0.7523772380009177,0.5876492479983426,0.5939776859995618,0.5931366969998635,0.5857197280001856,0.5827652329990087,0.5807401370002481,0.5805780430000596,0.5878778870010137
42,1.2011828949998744,0.7029644140002347,0.5937013309994654,0.5862256090003939,0.5861523140010831,0.5916482320008072,0.5859532429985848,0.5822485529988626,0.5835177850003674,0.5863557029988442
43,1.2026860990008572,0.6131880049997562,0.5884751260000485,0.5823251780002465,0.5888478130000294,0.5799073739999585,0.5853633850001643,0.5835449660007725,0.5832346730003337,0.5888495729996066
44,1.2030165159994795,0.6096007310006826,0.5946857330000057,0.5856975940005213,0.583784321001076,0.5920045519997075,0.5898686389991781,0.5807452860008198,0.583327480000662,0.58402154200121
45,1.204470336999293,0.6071398540007067,0.5955290410001908,0.5905321990012453,0.5870407120000891,0.5880118320001202,0.583401836000121,0.5817684100002225,0.5845488670001942,0.5847221719996014
46,1.207648445999439,0.6108804650011734,0.5911406930008525,0.5875537150004675,0.5858745379991888,0.5858719709995057,0.5803053409999848,0.5822422419987561,0.5834928059994127,0.5803874889988947
47,1.204091696001342,0.617277223000201,0.5957626100007474,0.5854373990005115,0.5865446669995436,0.5868747610002174,0.5984868759987876,0.5779570289996627,0.5877515479987778,0.5835493049999059
48,1.1969603119996464,0.613173892001214,0.5886802100012574,0.5852676930007874,0.5829810380000708,0.5926312460014742,0.5851461669990385,0.5828169199994591,0.5851548570008163,0.5822086179996404
49,1.2048737479999545,0.611141941999449,0.590273348001574,0.587012064001101,0.5868483180001931,0.5890740809991257,0.5844961449984112,0.5809573870010354,0.5865698969992081,0.5850867780009139
50,1.2053675959996326,0.6160852220000379,0.5939233429999149,0.5894367250002688,0.5855118279996532,0.5851327019991004,0.582515803998831,0.5787181849991612,0.5789683500006504,0.5827849170000263
51,1.2067088179992425,0.6127535350005928,0.5877924159995018,0.5914228180008649,0.587856064999869,0.5897542500006239,0.5849728760003927,0.5867668199989566,0.5845692140010215,0.5823771949999355
52,1.2077663600011874,0.6088019519993395,0.5893705040016357,0.5822491440012527,0.5834003239997401,0.5921062859997619,0.5850743310002144,0.5808645439992688,0.5846781359996385,0.5924772130001656
53,1.2002787589990476,0.6119524210007512,0.5879475100009586,0.5835895300006086,0.5871107069997379,0.5819942830003129,0.5863735079983599,0.5822301900007005,0.5790015630009293,0.5853348809996533
54,1.229097658999308,0.612078370000745,0.5916681280014018,0.5843071599992982,0.5870163350009534,0.5841720860007626,0.5848275420012214,0.5831008730001486,0.5832535029985593,0.5814383819997602
55,1.19658078700013,0.6743080249998457,0.5898390269994707,0.5868882430004305,0.584048790999077,0.5838332170005742,0.58746118199997,0.5919975289998547,0.580959876999259,0.5812351149997994
56,1.1968735050013493,0.7140556889989966,0.5924831119991723,0.5886826269997982,0.5876207459987199,0.5832135179989564,0.5849666859994613,0.58158641800037,0.5852224849986669,0.5905174330000591
57,1.2140346020005381,0.708391797999866,0.5900198829986039,0.5881469029991422,0.5812650730003952,0.5886280560007435,0.5816558789992996,0.5831876560005185,0.585306793998825,0.5856534820013621
58,1.2053619569996954,0.7103142489995662,0.58988309400047,0.5864518289999978,0.5863683950010454,0.5875913880008738,0.586379840000518,0.5818166900007782,0.5883412399998633,0.5834408330010774
59,1.1985920909992274,0.7178693899986683,0.5985473519995139,0.5885073690005811,0.5824207859986927,0.5876070189988241,0.5839550099990447,0.5769175580007868,0.5823747560007178,0.5886333319995174
60,1.2030458280005405,0.7317241549990285,0.5931569510012196,0.5848142920003738,0.5887356650000584,0.581763026999397,0.5862073600001168,0.5808574019993102,0.5821082319998823,0.5796111679992464
61,1.1991947219994472,0.7233401920002507,0.592279331998725,0.5848312599991914,0.5814810330011824,0.5840587120001146,0.5863002139994933,0.5827238410001883,0.5853897699998925,0.5871028349993139
62,1.2015216469990264,0.7347373159991548,0.5867017460004718,0.5824455380006839,0.5890646230000129,0.5869689070004824,0.5904967509995913,0.5802988830000686,0.584780918999968,0.5848303540005872
63,1.1877678060009202,0.7292577219996019,0.593792300000132,0.5813729889996466,0.5909973340003489,0.5798139019989321,0.5877954570005386,0.5821437150007114,0.5845607329993072,0.588237724999999
64,1.197658015998968,0.729378722000547,0.5939531269996223,0.5866832560004696,0.5863730649998615,0.5834692949993041,0.5897613680008362,0.5780201590005163,0.5798231630014925,0.5807290320008178
65,1.2008400119993894,0.7252253129991004,0.5881231550010853,0.5845122280006763,0.5874408809995657,0.5824039340004674,0.5831591850001132,0.5784888879989012,0.5852798710002389,0.5850724269985221
66,1.194444602000658,0.7233732880013122,0.5933887639985187,0.5844939790003991,0.5848374429988326,0.5814015590003692,0.5845337690007,0.5876849309988756,0.5809790860002977,0.5814416350003739
67,1.1924160819999088,0.6501584680008818,0.5898511269988376,0.5877396300002147,0.5831206790007855,0.5821903589985595,0.5852328609998949,0.5797099549999984,0.5936219510003866,0.5845773660003033
68,1.1957282759994996,0.6082679979990644,0.5871778630007611,0.5834449200010567,0.5843505929988169,0.5814838109999982,0.5872007660000236,0.5767710149993945,0.5879229719994328,0.5800813869991543
69,1.1977607409990014,0.6076729350006644,0.5908261700005824,0.5849262490010005,0.5880349389990442,0.5826639159986371,0.5816133930002252,0.5777836150009534,0.58207314900028,0.5892351460006466
70,1.1919437809992814,0.6062468020008964,0.5875389769989852,0.5841894289987977,0.5852804619989911,0.5845254849991761,0.5848941490003199,0.5801218890010205,0.578911369000707,0.5867044910010009
71,1.1919760100008716,0.6155564699984097,0.588891555000373,0.5862922280011844,0.5862330449999718,0.5838831149994803,0.5837043460014684,0.5814377000006061,0.5824719749998621,0.5806299810010387
72,1.206888364000406,0.6076230819999182,0.5895411919991602,0.5887627449992578,0.5922629010001401,0.5792757330000313,0.5831609799988655,0.5807511739985785,0.5810079719994974,0.5829158309988998
73,1.1922535699995933,0.6530176280011801,0.5940883599996596,0.5871961899993039,0.5844040240008326,0.5861873619996913,0.5799195130002772,0.5776898280000751,0.5833914280010504,0.5888374670012126
74,1.2039005010010442,0.6504006480008684,0.5905182909991709,0.5827717110005324,0.588354117999188,0.5869820319985593,0.5901324860005843,0.5837688770006935,0.5787074829986523,0.5859675209994748
75,1.191660888000115,0.7014080490007473,0.591090047999387,0.5893743939996057,0.587711976000719,0.5882674849999603,0.5867877760010742,0.578978780999023,0.5785429549996479,0.5823553499994887
76,1.1974423169995134,0.723772432998885,0.5940541710006073,0.5875095579995104,0.5888702939992072,0.5853176010004972,0.5845314569996845,0.5823532300000807,0.5820317460002116,0.5855886879999161
77,1.192321811000511,0.7133430819994828,0.5963823239999329,0.5830417460001627,0.5834093829998892,0.5871366009996564,0.5858392330010247,0.5822277429997484,0.5808950069986167,0.5857641179991333
78,1.1959178389988665,0.7128103840004769,0.592483264999828,0.5859653520001302,0.5853477030013892,0.5848359400006302,0.5878046289999475,0.5850581840004452,0.5820878630001971,0.5870998829996097
79,1.1957296370001131,0.7102645289996872,0.5922941669996362,0.5844114769988664,0.5867940390016884,0.5847811200001161,0.5918298809992848,0.5823525220002921,0.579221439000321,0.585174655998344
80,1.2048626390005666,0.7167051940014062,0.5922209889995429,0.5890617690001818,0.5881527159999678,0.5852450600013981,0.5858471089995874,0.582986929000981,0.5838633269995626,0.5852615380008501
81,1.1971955299995898,0.7177572439995856,0.5911364779985888,0.586099166999702,0.5807838489999995,0.5826581639994401,0.5876123280013417,0.5787866709997616,0.5792790650011739,0.5879551739999442
82,1.1983611410014419,0.7120732919993316,0.5932039930012252,0.5894932980008889,0.5849765310013026,0.5842450740001368,0.5842281700006424,0.5820250259985187,0.582044124001186,0.5836430480012496
83,1.1979007130012178,0.7149495260000549,0.5936702599992714,0.584159780999471,0.5850839550003002,0.5800570850005897,0.587649971999781,0.580002398999568,0.5809566959997028,0.585302325000157
84,1.198900051000237,0.6899069959999906,0.5937194790003559,0.585769707999134,0.5851989879993198,0.5904705840002862,0.5845753930007049,0.5801745900007518,0.5786029890005011,0.5859457890001067
85,1.192764671999612,0.6030869639998855,0.5900585190011043,0.5850158889988961,0.5836665280003217,0.5867053729998588,0.589610895000078,0.5839127830004145,0.5779210470009275,0.583919369000796
86,1.1961266750004143,0.6108236029995169,0.5913925019995077,0.5909017529993434,0.5837345790005202,0.5855284329991264,0.5866693249990931,0.5858955210005661,0.5877517560002161,0.5919858269990073
87,1.1912468409991561,0.6054993380002998,0.5902564110001549,0.586800425000547,0.5838281519991142,0.5852795709997736,0.5860783010011801,0.5875420920001488,0.5811153140002716,0.5863878100008151
88,1.1869178990000364,0.6068677580005897,0.5922849109992967,0.5816740979989845,0.5853325789994415,0.5856426039990765,0.5894731389998924,0.5845335920002981,0.5807746299997234,0.5821686380004394
89,1.2002964350012917,0.6113421889986057,0.5879761440010043,0.5894776929999352,0.5838370769997709,0.5837818220006739,0.5811973509989912,0.580837192999752,0.5797656569993705,0.5857245409988536
90,1.1946269140007644,0.6051518450003641,0.5924014970005373,0.5865552150007716,0.5861864569997124,0.5860875899998064,0.5866497809984139,0.5836177659984969,0.5822649459987588,0.583711706000031
91,1.1985090110010788,0.6054017600017687,0.58907102899866,0.5876212980001583,0.5845891570006643,0.5851333309983602,0.5865843189985753,0.5836949730000924,0.5791852049987938,0.5868749839992233
92,1.1938008199995238,0.6070209979989158,0.5915993959988555,0.5814146950015129,0.5894186790010281,0.5831379000010202,0.5864966530007223,0.5834215140002925,0.577986353999222,0.5837629369998467
93,1.2189645800008293,0.6042448469997908,0.5922967530004826,0.5885563110005023,0.5855276949987456,0.5852095789996383,0.5851618380002037,0.5838862340006017,0.5854207949996635,0.5819043239989696
94,1.1899861259989848,0.6135964429995511,0.5929289229989081,0.5858482889998413,0.5895871699995041,0.5826046180009143,0.5826524470012373,0.5792871870016825,0.5825365399996372,0.5863331720011047
95,1.2014542929991876,0.6089127600007487,0.5952511489995231,0.5849458150005376,0.5818856070000038,0.5835152080016996,0.5850166319996788,0.5794454089991632,0.579651013998955,0.5837725590008631
96,1.1884092050004256,0.6119405469999037,0.5889207159998477,0.5836216179995972,0.5896094220006489,0.5866337469997234,0.5838572100001329,0.577042042001267,0.5804116049985169,0.5875689910008077
97,1.1978083120011433,0.6090558169998985,0.590673336000691,0.5910310390008817,0.5852481849997275,0.5828936170000816,0.590184393000527,0.5807014480014914,0.5810590660003072,0.5871588939990033
98,1.19151504599904,0.6096563499995682,0.588463411999328,0.5856585300007282,0.5859884929996042,0.5881465490001574,0.5879478970000491,0.5787656359989342,0.5808779499984666,0.5849858250003308
99,1.1957477109990577,0.6115581869999005,0.596094599000935,0.5818954520000261,0.5898269709996384,0.5884692580002593,0.5863048689989228,0.5804183029995329,0.579617433999374,0.5933717340012663
100,1.1928347049997683,0.6049051749996579,0.5943213629998354,0.5896000070006266,0.5883940310013713,0.5826030740008719,0.585483266000665,0.5781717190002382,0.5860404489994835,0.5897003899990523
101,1.2038795810003649,0.6111265559993626,0.5865133520001109,0.5892280629996094,0.5860087080000085,0.5823221360005846,0.5820074660005048,0.5848915919996216,0.5819478080011322,0.5900843139988865
102,1.194571910000377,0.6083477409993066,0.5885732079987065,0.5994537570004468,0.5836109100000613,0.5887918589996843,0.5849750529996527,0.5809748100000434,0.5830679379996582,0.5837906399992789
103,1.2022923340009584,0.6062226869998995,0.5930027099984727,0.5892098650001572,0.5874742179985333,0.5865844680010923,0.5858950500005449,0.5828429729990603,0.5795361569998931,0.5825553249997029
104,1.1946035429991753,0.6068776800002524,0.5893226659991342,0.585671419999926,0.5886429669990321,0.5845289669996419,0.582094136001615,0.5822756880006636,0.5803574029996525,0.5855358319986408
105,1.1930352399995172,0.6078394610012765,0.5917492509997828,0.5869369250012824,0.5870757170014258,0.5891087020008854,0.5893812430003891,0.5787122120000276,0.5777478039999551,0.5839001969998208
106,1.2010902919992077,0.6106643220009573,0.5919502500000817,0.5876488419999077,0.5813818560000072,0.588319362999755,0.5906149020011071,0.5778146190004918,0.5776224389992421,0.5843218520003575
107,1.194416698999703,0.6074933099989721,0.5881339240004309,0.5857815979998122,0.581861263999599,0.5909067739994498,0.5897417600008339,0.584239661000538,0.5820580700001301,0.5854331840000668
108,1.1957296830005362,0.6097391170005722,0.5916024819998711,0.5829458440002782,0.5853718579983251,0.5865081920001103,0.5885722679995524,0.5767495629988844,0.5847711910009821,0.5888899660003517
109,1.1946390590001101,0.606430943000305,0.5920113239990314,0.586688036999476,0.5875478689995361,0.584947519000707,0.5874870059997193,0.5786607110003388,0.5792705980002211,0.5836094969999976
110,1.1972693980005715,0.6083088449995557,0.5948670799989486,0.5860679939996771,0.5878063700001803,0.5844840209992981,0.590119042999504,0.5847272470000462,0.5828133420000086,0.5877373919993261
111,1.1986217939993367,0.6112960419995943,0.5931848239997635,0.5869568389989581,0.582772534000469,0.5920430709993525,0.5897809819998656,0.5865902109999297,0.5810993020004389,0.5825247009997838
112,1.1942812079996656,0.6040293930000189,0.5908945230003155,0.5883849740002915,0.5847942210002657,0.5889354739992996,0.5892051859991625,0.580713094001112,0.5831721929989726,0.5851948230010748
113,1.1957045309991372,0.6073894469991501,0.5940012440005376,0.5882319409993215,0.584421105999354,0.5976764729985007,0.5857494480005698,0.5825671330003388,0.5891063010003563,0.5824318939994555
114,1.1898210870003822,0.6071150099996885,0.5909070069992595,0.5883126110002195,0.5816647280007601,0.5913318490001984,0.5901106790006452,0.5841519399982644,0.5836949000004097,0.5864910550008062
115,1.1974738579992845,0.609736853000868,0.5945630189999065,0.5850196939991292,0.5852433379986905,0.5855191639984696,0.5836754859992652,0.584901512000215,0.5831840119990375,0.5814326079998864
116,1.1927259549993323,0.605592437001178,0.5902838629990583,0.5876408900003298,0.5827444909991755,0.5860777119996783,0.586961267001243,0.5839260480006487,0.5873874699991575,0.5846878510001261
117,1.1932485150009597,0.6102009280002676,0.5922631249995902,0.5884364909998112,0.5868326679992606,0.5848920610005734,0.5927005150006153,0.578720980000071,0.5850592850001703,0.5827683040006377
118,1.193664758999148,0.6138063439993857,0.5897201659990969,0.5846034020014486,0.5989103819993034,0.5836219909997453,0.5832925680006156,0.5875394440008677,0.580777881999893,0.5883524980017683
119,1.1963528340002085,0.605623129000378,0.5929828099997394,0.5861622849988635,0.5864909800002351,0.5899894439990021,0.5829475010013994,0.5813716840002598,0.5839122229990608,0.5815804200010461
120,1.20091579900145,0.6068450790007773,0.586659642000086,0.5873916290001944,0.5925812379991839,0.5835762209990207,0.583646172999579,0.5826847320004163,0.5884528209990094,0.5811144119998062
121,1.197626338000191,0.6079520540006342,0.5926088209998852,0.5921333160003996,0.584032839999054,0.5845451269997284,0.5898506510002335,0.5816609590001462,0.5847779600007925,0.5856000670009962
122,1.1966798510002263,0.6109228860004805,0.5909180070011644,0.5891634069994325,0.5843729060015903,0.5872262539996882,0.5842350980001356,0.5799915520001377,0.5913893410015589,0.580452279000383
123,1.1977983670003596,0.6037526310010435,0.5901011089990789,0.5877229030011222,0.5863655889988877,0.590719313999216,0.5864781410000433,0.5838103229998524,0.5887524019999546,0.589773306999632
124,1.1956715159994928,0.6048851420000574,0.587463284999103,0.5884933889992681,0.5849748569999065,0.5858260379991407,0.5841690130000643,0.5849126809989684,0.5893862450011511,0.5833927859985124
125,1.1813692940013425,0.6099558919995616,0.5926508690008632,0.5825236719992972,0.5842048760005127,0.5851473739985522,0.5866019070017501,0.5833481520003261,0.5822288489998755,0.5887300949998462
126,1.180536211000799,0.6083073770005285,0.5914771150000888,0.5885460829995282,0.5909142930013331,0.5859454740002548,0.5913644580014079,0.5872178099998564,0.5879041530006361,0.5804467609996209
127,1.189415333999932,0.6081725559997722,0.5899880550005037,0.587582576999921,0.5820332639996195,0.5860547909996967,0.5882319829997869,0.576395768999646,0.5843176130001666,0.5912763880005514
128,1.1889158690009936,0.6112015130001964,0.5911339800004498,0.5913835359988298,0.5865652550000959,0.5852223549991322,0.5888173410003219,0.5827569470002345,0.5846401409999089,0.5824013679994096
129,1.1947049299997161,0.6068669249998493,0.5929853610014106,0.5848063299999922,0.5881216150010005,0.5883304319995659,0.5849068650004483,0.5788756749989261,0.5883452689995465,0.5858616499990603
130,1.1878026920003322,0.606664410999656,0.5922193580008752,0.5882536049994087,0.584203954998884,0.5861896149999666,0.587278408000202,0.5795804780009348,0.5835830569994869,0.5869189069999265
131,1.188651373000539,0.6114524399999937,0.5920502709996072,0.5832940479995159,0.5839488990004611,0.5875722670007235,0.5890488069999265,0.5793122510003741,0.5880703709990485,0.5820926169999439
132,1.1879768460003106,0.6104560629992193,0.5897104819996457,0.5832886659991345,0.5857777590008482,0.5789594660000148,0.5822154180004873,0.5823683599992364,0.5855135609999707,0.5857114160007768
133,1.1885668310005713,0.6101134450000245,0.5884481439989031,0.5849230060011905,0.5883708470009879,0.5868177190004644,0.5839256819999719,0.5791800179995334,0.589185473998441,0.5841182000003755
134,1.179350380998585,0.6047270870003558,0.59097947599912,0.5839871589996619,0.5856735239995032,0.587682388999383,0.5858797950004373,0.5843200510007591,0.5905878900011885,0.5850410780003585
135,1.1888674269994226,0.6016898990001209,0.5963764659991284,0.5839046550008788,0.5856116019986075,0.587746043000152,0.589189856998928,0.5797662910008512,0.5897748629995476,0.5843460739997681
136,1.1858400860000984,0.6100785469989205,0.5898641559997486,0.5839427379996778,0.5898065139990649,0.5842973660001007,0.5855574670003989,0.5806170830001065,0.5852666319988202,0.5837241930003074
137,1.1907528640003875,0.6082569729987881,0.5910074249986792,0.5826883069985342,0.5874411229997349,0.582083043998864,0.5894858909996401,0.5807204699995054,0.584805693000817,0.5841527079992375
138,1.1916443999998592,0.6105863360007788,0.5916496530007862,0.5880180860003748,0.5851420750004763,0.5840564489990356,0.5880900669999392,0.5880060809995484,0.5905465889991319,0.5867646030001197
139,1.1902256939993094,0.6085180059999402,0.5880081359991891,0.5897278070005996,0.5807916650010156,0.5819263780012989,0.5899724070004595,0.5852922560006846,0.5825263440001436,0.5846294809998653
140,1.1869221680008195,0.6114348199989763,0.589929915000539,0.5845818319994578,0.5866900519995397,0.5853787819996796,0.5862320329997601,0.5831519029998162,0.5852229169995553,0.5839004710014706
141,1.1884640700009186,0.6092455790003442,0.5897957569995924,0.5870467190015916,0.5876048219997756,0.5830416799999512,0.5849892969999928,0.5781446879991563,0.5857473500000197,0.5874477549987205
142,1.1833635229995707,0.6027984539996396,0.5897048890001315,0.5901668330006942,0.5875324550015648,0.5873197760010953,0.5904266279994772,0.5790713149999647,0.5829902929999662,0.5793201720007346
143,1.1835387510000146,0.6087395430004108,0.5911188930003846,0.5880435529998067,0.5877618340000481,0.5848523929998919,0.5892191380007716,0.5855718749990046,0.584247384000264,0.5841927840010612
144,1.185990956999376,0.6063535120010783,0.5940626510000584,0.5859954179995839,0.5850228420003987,0.589336535998882,0.585318923000159,0.5786955479998142,0.5853165429998626,0.5848098419992311
145,1.18593164000049,0.608769177000795,0.5898420749999786,0.5851992099997005,0.5867351680008142,0.5860333660002652,0.5847498040002392,0.584333274000528,0.5855946709998534,0.5825916840003629
146,1.1828230999999505,0.6055854950009234,0.5918860350011528,0.584575003998907,0.5868984280004952,0.5843600149983104,0.5857360749996587,0.5842080160000478,0.5848115809985757,0.5850711000002775
147,1.1948872199991456,0.6027321099991241,0.5900613470003009,0.5842347739999241,0.586926455000139,0.5866721940001298,0.5880019369997171,0.5854780600002414,0.5859887030001119,0.5841795779997483
148,1.1839643310013344,0.610227383000165,0.5874093100010214,0.5851537489998009,0.5882639230003406,0.5873588120011846,0.5866381750001892,0.5769425079997745,0.5861287289990287,0.5861720819993934
149,1.1908050139991246,0.6094411480007693,0.5917957069996191,0.5835872679999738,0.5899717369993596,0.5810127329987154,0.5826948960002483,0.5811216879992571,0.5850797189996229,0.5833010839996859
150,1.1825656349992641,0.609417386000132,0.5950902240001597,0.5893645960004505,0.5866560589984147,0.5844485410016205,0.5865988770001422,0.5850058910000371,0.5848945140005526,0.5795887499989476
151,1.184708266000598,0.6093676470009086,0.5912727579998318,0.5854872170002636,0.5848907170002349,0.5864962780015048,0.5813821999981883,0.5834404819997872,0.5836650490000466,0.5866809620001732
152,1.1899074380016827,0.6120365459992172,0.5883361200012587,0.5947360930003924,0.5865310720000707,0.5814161689995672,0.5821084549988882,0.5842213640007685,0.5852118329985387,0.5813200160009728
153,1.1905679809988214,0.6127658869991137,0.5940431219987659,0.5929153240012965,0.5843706489995384,0.5823064680007519,0.5903004739993776,0.5828389500002231,0.590906081999492,0.5850071269996988
154,1.1903627169995161,0.6102030700003525,0.5885984579999786,0.5858368299996073,0.584608389001005,0.5838964689992281,0.586246091999783,0.5841937580007652,0.585937305000698,0.5845034289995965
155,1.184123090999492,0.6086271260010108,0.5897793069998443,0.5890871379997407,0.5862779029994272,0.5867979630002083,0.5866042859997833,0.5827503929995146,0.5842753140004788,0.5886142630006361
156,1.1968420920002245,0.6061310170007346,0.5957114149987319,0.5935942960004468,0.5871293060008611,0.5841667849999794,0.5878346379995492,0.5814379940002254,0.5816609329995117,0.5853319549987646
157,1.181180248999226,0.6118746049996844,0.5882199419993412,0.5886213329995371,0.5862610340009269,0.5841623099986464,0.5848086109999713,0.5832254340002692,0.5844091970011505,0.5791670939997857
158,1.1876840050008468,0.6045623889986018,0.5911814479986788,0.5870078320003813,0.58705694299897,0.5853720360009902,0.5820559179992415,0.5819414039997355,0.5961678789990401,0.5789285659993766
159,1.1857843349989707,0.6135929289994237,0.5904560369999672,0.5880735120008467,0.5830032829999254,0.5866795120000461,0.5871113510002033,0.593152409999675,0.592995234999762,0.58305354499862
160,1.185419028999604,0.6081132599992998,0.5964513970011467,0.5864324560006935,0.5871868659996835,0.5868414050000865,0.5915947480007162,0.5823776990000624,0.5860484900003939,0.5780111670010228
161,1.1881905350001034,0.6070542980014579,0.5980067880009301,0.586169002999668,0.5897158269999636,0.5841838779997488,0.5848870990012074,0.5862542100003338,0.5828869060005673,0.5820843519995833
162,1.1886784529997385,0.6065221980006754,0.5884818810009165,0.5878581209999538,0.5875308150007186,0.5823792289993435,0.5891458030000649,0.5803999660001864,0.5843748309998773,0.5777974809989246
163,1.1844721830002527,0.6076372870011255,0.5910924170002545,0.5936679070000537,0.5833201380009996,0.5828514759996324,0.5820100309992995,0.5831339180003852,0.5872995200006699,0.5788288430012472
164,1.1842582810004387,0.6068276780006272,0.5919533010001032,0.5839618689988129,0.5838982120003493,0.5852216809998936,0.586650727000233,0.5813069069990888,0.5885300690006261,0.5822996909992071
165,1.1910283879988128,0.6079195450001862,0.5866753999998764,0.5855949169999803,0.5866213999997854,0.5871406919995934,0.586506425999687,0.5834141310006089,0.5852317879998736,0.5795391760002531
166,1.1897697370004607,0.6063663490003819,0.5924620459991274,0.5871968829997058,0.5852053729995532,0.5868639039999834,0.5869334130002244,0.5817386440012342,0.5827916919988638,0.5829360619991348
167,1.1857742340016557,0.6094018260009761,0.590472697000223,0.590831839999737,0.5869804199992359,0.583673531000386,0.5877632880001329,0.5908839630010334,0.5849600479996298,0.5778944260000571
168,1.1881653200016444,0.6072120820008422,0.5926974020003399,0.58683530000053,0.5840736720001587,0.5838409309999406,0.5887571319999552,0.5831979279992083,0.5881365929999447,0.5826144660004502
169,1.1930372590013576,0.6056033810000372,0.5898579709992191,0.5860478729991883,0.590753427000891,0.5846811400006118,0.57650463400023,0.5850366700015002,0.5868051589986862,0.5785710340005608
170,1.1844604649995745,0.6068246320010076,0.5991399340000498,0.5858384789989941,0.5833011310005531,0.5807495999997627,0.5809863089998544,0.5839397879990429,0.5881401939986972,0.5794357849990774
171,1.1932798289999482,0.606654236000395,0.5888102469998557,0.5876814530001866,0.5904492499994376,0.5839676870000403,0.5813812209999014,0.5807876010003383,0.581567590999839,0.585306834000221
172,1.1915168810010073,0.6100924629990914,0.5895439170017198,0.5878019090014277,0.5876931809998496,0.5863935449997371,0.5761729400001059,0.5810597260006034,0.581145137999556,0.5801409420000709
173,1.183983545000956,0.6046552769985283,0.5911934980013029,0.5854243040012079,0.587074211000072,0.5964613750002172,0.5819062530008523,0.5864836769997055,0.5882379449994914,0.5798429900005431
174,1.1924806129991339,0.6100995359993249,0.5875605110013566,0.5895806540011108,0.5853350130000763,0.5803124960002606,0.5848791450007411,0.5850072100001853,0.5879473179993511,0.5807627020003565
175,1.1936502709995693,0.6117164780007442,0.5937838289992214,0.5851207579999027,0.5873644599996624,0.581719226000132,0.5848301620007987,0.5789193029995658,0.5841816499996639,0.5815535550009372
176,1.188826321000306,0.6054986540002574,0.5881288149994361,0.589294396000696,0.5874124809997738,0.5838334580002993,0.5835524189988064,0.5852619380002579,0.5813587369993911,0.5778598910001165
177,1.1883393610005442,0.609520045998579,0.5943464779993519,0.5872856810001394,0.5857153669985564,0.5860864749993198,0.5835409060000529,0.5843043050008419,0.5843483839998953,0.5787612309995893
178,1.1995120610008598,0.6061148859989771,0.5931168099996285,0.591496224000366,0.5850576920001913,0.5798417189998872,0.5824557899995852,0.5809397620014352,0.5841648509995139,0.57874870500018
179,1.1868337039995822,0.6074091889986448,0.5934677189998183,0.5888421250001556,0.5854275600013352,0.5858212830007687,0.5821515999996336,0.5826373420004529,0.5886410120001528,0.5782148560010683
180,1.185944119000851,0.6098450520003098,0.5923987969999871,0.585965304999263,0.581876635998924,0.5891039660000388,0.5800463880004827,0.5902457910015073,0.5886534180008312,0.5864070619991253
181,1.1905357880004885,0.6097824270000274,0.5917725729996164,0.5833695210003498,0.5905588060013542,0.5866089800001646,0.5909852730001148,0.5817094579997502,0.5848347459996148,0.5791132699996524
182,1.1854027929985023,0.6053448659986316,0.5951506000001245,0.5885840789997019,0.5820979780000926,0.5838564019995829,0.5813588639994123,0.5845412159997068,0.5839362749993597,0.578546799999458
183,1.18988128500132,0.6089138430015737,0.589045613000053,0.5850389759998507,0.5846248919988284,0.5850861110011465,0.5838265340007638,0.5844228630012367,0.5830015530009405,0.5773919069997646
184,1.1882043759997032,0.607508090999545,0.5903473409998696,0.5893795489992044,0.5856103250007436,0.5845450750002783,0.582003450999764,0.5806936270000733,0.5829866929998389,0.5822949889989104
185,1.1847007819997089,0.6067577349986095,0.590288542000053,0.5842946510001639,0.5884876030013402,0.5851306620006653,0.5807553319991712,0.5858354150004743,0.586784336999699,0.5794197699997312
186,1.1909472649986128,0.6147855910003273,0.5908000889994582,0.5881310559998383,0.5878377230001206,0.5857328780002717,0.5832556029999978,0.5784118030005629,0.5861385700009123,0.5758811129999231
187,1.188477335999778,0.6070768399986264,0.5975749789995461,0.5839216940003098,0.592017107999709,0.5866012860005867,0.5854411159998563,0.5809320870012016,0.5844157860010455,0.5805170769999677
188,1.1919014079994668,0.616429978999804,0.5904989390000992,0.5874308610000298,0.5829357670008903,0.5854956290004338,0.5786862460008706,0.5892745279998053,0.5832957530001295,0.5841821220001293
189,1.184245930000543,0.6054677150004864,0.5948312719992828,0.5899570229994424,0.5835469490011747,0.5873252849996788,0.582791033999456,0.5797201530003804,0.5833952440007124,0.5795538720012701
190,1.1969992279991857,0.6124979619999067,0.5934900520005613,0.5864552190014365,0.5862335809997603,0.5878672329999972,0.5793010990000766,0.5800999399998545,0.5851983270003984,0.5799204619997909
191,1.1864816430006613,0.6150372650008649,0.592560749999393,0.5841173629996774,0.590654738000012,0.58826124999905,0.5808522890001768,0.5803104549995624,0.5863335739995819,0.5755503799991857
192,1.185679917998641,0.6062753480000538,0.5907793709993712,0.5836943659996905,0.5878537489988958,0.583593388000736,0.5835412380001799,0.586138528000447,0.5805287450002652,0.5791311240009236
193,1.1915311710017704,0.6074104800009081,0.5975294630006829,0.59367617099997,0.5822535389997938,0.5830239679999067,0.5812750799996138,0.5850972339994769,0.5822524539998994,0.5825843850016099
194,1.1848868329998368,0.6093644829998084,0.5959910689998651,0.5861592890014435,0.5907691499996872,0.5839043719988695,0.5796356869996089,0.5798660079999536,0.5816766999996617,0.578963088000819
195,1.1887549740004033,0.608862909999516,0.587909812998987,0.5847743510003056,0.5884329529999377,0.5826713989990822,0.5806481969993911,0.584081838000202,0.5833747569995467,0.5823044569988269
196,1.1914503459993284,0.6049738130004698,0.5909245789989654,0.5841951059992425,0.5838840289998188,0.5895763869993971,0.5803279640003893,0.5805669520013907,0.5865914699988934,0.5774220180010161
197,1.194497878999755,0.6075294709989976,0.5876350739999907,0.5850151649992767,0.593251890000829,0.5912830809993466,0.5814197609997791,0.585032205999596,0.5852328889995988,0.5796212000004743
198,1.1878607139988162,0.612090882999837,0.5891582290005317,0.58812751899859,0.5870680510015518,0.5837721740008419,0.5847946519988909,0.582776470000681,0.588597646999915,0.5806927510002424
199,1.1854230720000487,0.6081752299996879,0.5933553280010528,0.5835465140007727,0.5870140449987957,0.5828365850011323,0.5824493549989711,0.578361476000282,0.587355589001163,0.5813557560013578
200,1.1914684779985691,0.6101021730009961,0.5895700189994386,0.5840132550001726,0.5864034950009227,0.5835997720005253,0.581439543999295,0.5839407599996775,0.5835545789996104,0.5807631970001239
201,1.1873367939988384,0.6063828080004896,0.5913642760006041,0.5879444319998584,0.5853307079996739,0.5832211479992111,0.5823579040006734,0.5832884039991768,0.5882259940008225,0.5799058100001275
202,1.1883346210015588,0.6069452470001124,0.5882775699992635,0.5898862779995397,0.5874062160000904,0.5815292299994326,0.5811084159995517,0.5862340179992316,0.5852804310015927,0.5856716160014912
203,1.1798639869994076,0.6074294529989857,0.593167702001665,0.5899745339993387,0.5885747699994681,0.5865539959995658,0.5810177990006196,0.5802964679987781,0.5840776379991439,0.5776560549984424
204,1.194903465000607,0.6027341609988071,0.592869920999874,0.59474862100069,0.5881428539996705,0.5867305859992484,0.5811299970009713,0.5821394579998014,0.5925673079982516,0.5788167199989402
205,1.1952705960011372,0.6031455520005693,0.5986052429998381,0.5832157580007333,0.5861046549998719,0.5857768349997059,0.5807398249999096,0.5812632710003527,0.5879524329993728,0.577534354000818
206,1.1872209699995437,0.6049968170009379,0.5954380620005395,0.5840465740002401,0.5888403069984633,0.5822402069989039,0.5823262100002466,0.5838809280012356,0.5878803940013313,0.5781671280001319
207,1.193992184000308,0.6040972490009153,0.5921718390000024,0.5942146270008379,0.5827370049992169,0.5853457030007121,0.5806127230007405,0.5807157500003086,0.5907862860003661,0.5754109250010515
208,1.192534218000219,0.6092091369991977,0.5910013690008782,0.5892153029999463,0.5835420399998839,0.5860900220013718,0.5782082890000311,0.5844333120003284,0.5851289460006228,0.5751909700011311
209,1.1953872740014049,0.6105322839994187,0.5864024049988075,0.5897745639995264,0.5869882200004213,0.5854614860018046,0.5831263310010399,0.5831464769999002,0.5895767840011104,0.5797348609994515
210,1.1938001589987834,0.6045460599998478,0.592919400000028,0.5834962059998361,0.5842967150001641,0.5885886509986449,0.5801660739998624,0.5848175909995916,0.5872605140011729,0.5839081479989545
211,1.1906036749987834,0.6112621339998441,0.5872229420001531,0.5888513279987819,0.5866075379999529,0.5804417239996837,0.5819563540007948,0.5847976870009006,0.5837662149988319,0.578145872001187
212,1.1870216480001545,0.6039357660010864,0.5908120350013633,0.5849315389987169,0.5917197420003504,0.5944402179993631,0.5799960749991442,0.5819119560001127,0.5796063750003668,0.5810728549986379
213,1.1883270210000774,0.608730165000452,0.5910505739993823,0.5844705640010943,0.5856817829990177,0.581915366999965,0.5813444510004047,0.5812069759995211,0.5813988139998401,0.5771927880014118
214,1.1903273009993427,0.6078115050004271,0.5889828630006377,0.5845432440000877,0.5907047189994046,0.5910569400002714,0.5807038460006879,0.582969035998758,0.5828569950008387,0.5741378670008999
215,1.1874603539999953,0.606705262000105,0.5938552040006471,0.5932821580008749,0.5896698739998101,0.583854386000894,0.5798487939991901,0.5855513500009693,0.5835201190002408,0.5770136770006502
216,1.1895844519985985,0.6101654859994596,0.5929208940015087,0.5965353960000357,0.585573045998899,0.5841007439994428,0.5849826150006265,0.5836244999991322,0.5879612879998604,0.5810852570011775
217,1.1967272679994494,0.6114844160001667,0.593338668000797,0.5850612440008263,0.5834281420011393,0.5882351090003795,0.5768066169985104,0.5821369450004568,0.5851988779995736,0.5791980220001278
218,1.184063114998935,0.607074775000001,0.5860727839990432,0.5871693009994488,0.5818625049996626,0.5832495559989184,0.5857234879986208,0.5771979060009471,0.5833786830007739,0.5775143209993985
219,1.184973256999001,0.607711714999823,0.5946251530003792,0.5861866849991202,0.5839597710000817,0.587661763000142,0.5818497439995554,0.582576622000488,0.5817662720000953,0.5771434960006445
220,1.19245879600021,0.6067168319987104,0.5957041980000213,0.5897252880004089,0.5861620860014227,0.593619609999223,0.5815625930008537,0.5828898740001023,0.588357721999273,0.5754502650015638
221,1.1801876300014555,0.605176405999373,0.5938618109994422,0.5848656119997031,0.5812531499996112,0.5865250049992028,0.5812121479993948,0.579324493999593,0.5848867739987327,0.58048838600007
222,1.193367023999599,0.6068669509986648,0.5867461210000329,0.5895506119995844,0.5867751879995922,0.5850278709986014,0.5819342380000307,0.5815367920004064,0.5837827070008643,0.5819305740005802
223,1.1943840379990434,0.6103558159993554,0.5912342770006944,0.5859508309986268,0.579798340000707,0.5857359600013297,0.5879244779989676,0.5842374559997552,0.5835307550005382,0.5794353549990774
224,1.191519034000521,0.608306125001036,0.5891541469991353,0.5872563989996706,0.591564930999084,0.5792812150011741,0.5797647270010202,0.5887835129997256,0.5836755889995402,0.577106549999371
225,1.1837945979987126,0.6090084530005697,0.59088035700006,0.5868386170004669,0.5882210420004412,0.5895177720012725,0.5802142649990856,0.5851658989995485,0.5853500840003107,0.5787359200003266
226,1.195093189000545,0.6070948659998976,0.5913669830006256,0.5898421959991538,0.5940493079997395,0.5864733150010579,0.5807924430009734,0.5818423489999986,0.5880409279998275,0.5762640789998841
227,1.1980767400000332,0.6084569559989177,0.5936198130002595,0.5915493659995263,0.5852323439994507,0.5850823460004904,0.5800034210005833,0.5843566119983734,0.5840856649992929,0.5822521210011473
228,1.1913947129996814,0.6057252440004959,0.5941662499990343,0.5867457059994194,0.5843973600003665,0.5890580100003717,0.5793694559997675,0.5839552360012021,0.5828048349994788,0.5769551739995222
229,1.1899830669990479,0.6089665720010089,0.5970635949997813,0.5842478380000102,0.5847223669989035,0.5851720919999934,0.5826757530012401,0.5791757740007597,0.5833167170003435,0.5756732270001521
230,1.188492977000351,0.6065996249999444,0.590532374999384,0.589288369001224,0.5888699560000532,0.5851768080010515,0.5843295429986028,0.583207270999992,0.5887803389996407,0.5794004969993694
231,1.2010688270001992,0.6057857900013914,0.5922973940014344,0.5906251930009603,0.588339525000265,0.5826454090001789,0.5775236650006264,0.5792498009996052,0.5864027360003092,0.5713599190003151
232,1.1839916489989264,0.6080477460000111,0.5992558210000425,0.5845736880000914,0.5826342229993315,0.5883013879993086,0.5810920289986825,0.5843046569989383,0.5840882230004354,0.5769115439998131
233,1.1882134690004023,0.608873229000892,0.6008914670001104,0.5866953599997942,0.5851567619993148,0.5842749679995904,0.5834279310001875,0.5808198459999403,0.5831681130002835,0.5801739489997999
234,1.1992133379990264,0.6138324610001291,0.5942251040014526,0.5883826299996144,0.5864103849999083,0.5939847150002606,0.5794138300007035,0.5851184460007062,0.5856624469997769,0.5759004739993543
235,1.1870950809989154,0.6067084639998939,0.5894292909997603,0.5861080569993646,0.5921544470002118,0.5856130359989038,0.581064547999631,0.5867618400006904,0.5872746709992498,0.5771152830002393
236,1.189160035999521,0.6065988120008114,0.5899983330000396,0.5829289180001069,0.5905509679996612,0.5882019840009889,0.5824802709994401,0.5868987329995434,0.5805722419991071,0.5782708189999539
237,1.1869099630002893,0.6125120889992104,0.5891769189984188,0.5866336930012039,0.5886639360014669,0.5859300529991742,0.5768903000007413,0.5867983360003564,0.5841961419992003,0.5766248410000117
238,1.183772181000677,0.607463276000999,0.5905462049995549,0.5890727060013887,0.5857954410003003,0.5893752449992462,0.5769076329997915,0.5918221829997492,0.5832379679995938,0.5791834199990262
239,1.1884381820000272,0.6080789269999514,0.5955275350006559,0.5857434640001884,0.5897705360002874,0.5847360970001318,0.5836514350012294,0.5905273320004198,0.5802564900004654,0.5766591179999523
240,1.190216008999414,0.6077394840012857,0.5871784520004439,0.588074676999895,0.5935381149993191,0.5889215700008208,0.5843917340007465,0.5841223289990012,0.5864275189996988,0.5809736690007412
241,1.1828877099997044,0.610257772001205,0.5898162619996583,0.5885171979989536,0.5883189569995011,0.5823633830004837,0.5805606269987038,0.5816777410000213,0.5891128509992996,0.5802291479994892
242,1.190940631999183,0.608911380999416,0.585930211998857,0.5826714509985322,0.5846902299999783,0.5853044930008764,0.5812326270006452,0.5831175909988815,0.584098912000627,0.5788440800006356
243,1.1899239579997811,0.602282034999007,0.5918653879998601,0.5827905149999424,0.5860633499996766,0.5835999060000177,0.5818723320007848,0.5876287869996304,0.5882346150010562,0.5837978639992798
244,1.1907263600005535,0.6049833640008728,0.5896531109992793,0.5835540570005833,0.5864120859987452,0.5843348160015012,0.5801284459994349,0.5813123269999778,0.5827158590000181,0.5798671289994672
245,1.183940695000274,0.6100637399995321,0.5950910270003078,0.5853676310016453,0.5858385199990153,0.5865907880015584,0.5779170539990446,0.5832451009991928,0.5856531450008333,0.5823545720013499
246,1.1863489810002648,0.6103645500006678,0.594649175000086,0.5874143870005355,0.5938639729993156,0.579512058000546,0.5796410650000325,0.5838638769982936,0.586554695999439,0.5792240210012096
247,1.1889212440000847,0.6081346249993658,0.5877155880007194,0.583294460999241,0.5860573259997182,0.5833235340014653,0.5775629810013925,0.5829416640008276,0.5848246149998886,0.577910485000757
248,1.192805546001182,0.6096969079990231,0.5929607849993772,0.584729989999687,0.5849782949990185,0.585329487999843,0.5868889579996903,0.584852318999765,0.5889460309990682,0.5743437159999303
249,1.1852088460000232,0.6061248669993802,0.5904921289984486,0.5844531869988714,0.5842030549993069,0.5878465219993814,0.5836393170011434,0.5829313739995996,0.588138679999247,0.5810069239996665
250,1.1861181640015275,0.6050260480005818,0.5923361479999585,0.5912494340009289,0.5854122469991125,0.5814480099998036,0.5827986969998165,0.5821201539984031,0.5858813779996126,0.5787205079996056
251,1.1931408180007566,0.6088528159998532,0.590260209999542,0.588781188998837,0.592240103000222,0.5826166580009158,0.5809521689989197,0.5829341829994519,0.5840516640000715,0.5797131760009506
252,1.2079656299993076,0.6072082789996784,0.5932083779989625,0.5833232079985464,0.5832291850001639,0.583554634000393,0.5795643920009752,0.5865574669987836,0.5831435129985039,0.5880162960002053
253,1.188195958000506,0.6087381950001145,0.5880548469995119,0.588277784998354,0.5882195369995316,0.5846263499988709,0.5854850740015536,0.591934410000249,0.5814919380009087,0.5766231939996942
254,1.1861639649996505,0.6099893249993329,0.5906992760010326,0.5863461760000064,0.5873885219989461,0.5839320869999938,0.5837354189989128,0.5793630799998937,0.5903787829993234,0.5850626789997477
255,1.1855535069989855,0.6054411080003774,0.5882084620006935,0.5880555459989409,0.5883651439999085,0.5848418140012654,0.584927346000768,0.5881724369992298,0.5849071799984813,0.5776036879997264
256,1.1882212969994725,0.6094970119993377,0.5900035359991307,0.5851126830002613,0.5913391480007704,0.5844341330011957,0.5808002289995784,0.5835582560011972,0.5825239650002914,0.5819256880004104
257,1.192137456000637,0.6094332530010433,0.5941500219996669,0.5851924590006092,0.5827213049997226,0.5869411580006272,0.5791890359996614,0.5838275679998333,0.5852616590000252,0.5793976920012938
258,1.1934576880012173,0.6071804020011768,0.5876545749997604,0.5872967860013887,0.5861126519994286,0.5871148839996749,0.5775276210006268,0.5823432710003544,0.5873887790003209,0.5836262579996401
259,1.1957115440000052,0.6102697789992817,0.5919748849992175,0.5870792220011936,0.5885750890010968,0.5837558379989787,0.580346245000328,0.5788183649983694,0.5844931410010759,0.5762676350004767
260,1.1997809910008073,0.6148687249988143,0.5885572339993814,0.5877266499992402,0.5836946929994156,0.5839850829997886,0.5835172829993098,0.5790286379997269,0.5846645560013712,0.5817907480013673
261,1.1956512030010344,0.6096433809998416,0.5946523139991768,0.5884791320004297,0.5872695369998837,0.5871440689988958,0.5845232049996412,0.583568441999887,0.5854375700000674,0.576121445001263
262,1.1905895079999027,0.6078200760002801,0.590600698000344,0.5900611140004912,0.5840058909998334,0.5884291799993662,0.5808650100007071,0.5847016040006565,0.5831128280005942,0.582222434999494
263,1.195306558000084,0.6112835990006715,0.5925753520004946,0.5893634570002177,0.5875088520006102,0.5813918569983798,0.5826906990005227,0.5837682709989167,0.5903808279999794,0.5794389490001777
264,1.2002398849999736,0.605608376001328,0.5906708530001197,0.5853449410005851,0.586047127000711,0.5854596059998585,0.5826996570012852,0.5852456899992831,0.5864437609998276,0.5853970269999991
265,1.1907000199989852,0.6055989689994021,0.587484650000988,0.5872056379994319,0.5832515519996377,0.585157662999336,0.5776571160004096,0.5840637860001152,0.5817509629996493,0.5914071050010534
266,1.1911246770014259,0.6101262110005337,0.5955008269993414,0.5902482349993079,0.5839232730013464,0.5856796919997578,0.580416916998729,0.5831526950005355,0.5833737400007522,0.5755184099998587
267,1.1919263250001677,0.6138338889995794,0.5920178889991803,0.5888570600000094,0.5901535529992543,0.5891238059994066,0.5833132349998777,0.5825305389989808,0.5849210279993713,0.5785800639987428
268,1.1952042349985277,0.6064379349991214,0.5896759730003396,0.5861029959996813,0.5839439209994453,0.5799601010003244,0.5805073779993108,0.5872132120002789,0.5930155019996164,0.5794835270007752
269,1.1962615949996689,0.6080517469999904,0.5915521480001189,0.5887503160010965,0.5851758690005227,0.5825346839992562,0.5789825480005675,0.5853975320005702,0.5861219460002758,0.5834132029995089
270,1.1871731299997919,0.6100648879983055,0.5929131409993715,0.5849432129998604,0.5891125699999975,0.5803367560001789,0.5828018160009378,0.5819285879988456,0.5855727929993009,0.5812481359989761
271,1.1885748580007203,0.6065653260011459,0.6029847429999791,0.5889907679993485,0.5854989969993767,0.5909271780001291,0.5778777929990611,0.5843408349992387,0.5877523939998355,0.5787644510000973
272,1.186857537000833,0.6094317610004509,0.5952194049987156,0.5846501769992756,0.5848525790006533,0.5849986109988095,0.5786825559989666,0.5835023629988427,0.5875598099992203,0.579545534999852
273,1.195491963000677,0.6117856370001391,0.5878087359997153,0.5897653680003714,0.584093995999865,0.5826189849994989,0.5812368409988267,0.581604322000203,0.5801913399991463,0.5746377329996903
274,1.1902895470011572,0.6065639959997497,0.5918175669994525,0.5888527080005588,0.5892585609999514,0.5830508150011156,0.5808060569997906,0.5847560919992247,0.5838780510002834,0.5877815730000293
275,1.1938039690012374,0.6021056509998743,0.5948272850000649,0.5872625529991637,0.5888031350004894,0.5876043169992045,0.5820713979992433,0.5807809750003798,0.5858508330002223,0.5814315079987864
276,1.1913484469987452,0.6066471119993366,0.587869574999786,0.5897433400004957,0.5836256479997246,0.5827802549993066,0.5814531089999946,0.5801284429999214,0.5841629679998732,0.5827264419986022
277,1.185505004001243,0.6112851159996353,0.5928605839999364,0.5940580989990849,0.5907388159994298,0.5911971690002247,0.5810438970001996,0.5813194980000844,0.584866998000507,0.5781579309987137
278,1.189938522000375,0.6091595329999109,0.5925415660003637,0.5815466479998577,0.5907326220003597,0.580868888000623,0.5792478760013182,0.5796815880003123,0.5827645589997701,0.578815808001309
279,1.1835728329988342,0.6066517839990411,0.5980948400010675,0.5822439690000465,0.5848836450004455,0.5851324119994388,0.5814005980009824,0.5815970909989119,0.5839300379993801,0.5836876249995839
280,1.1947218739987875,0.614549635000003,0.5895134399997914,0.5904828099992301,0.5897620680007094,0.5806758799990348,0.5805488400001195,0.5798384739991889,0.5871869110014813,0.5861617259997729
281,1.188911447999999,0.6034352780006884,0.5963740770002914,0.5889826389993686,0.5857489940008236,0.5840539889995853,0.5809823510007845,0.5833852250016207,0.583107194999684,0.5818195570009266
282,1.1928132419998292,0.6147185329991771,0.5897403369999665,0.5880661249993864,0.5920266450011695,0.5857061850001628,0.5829148900011205,0.5846854569990683,0.5855792320016917,0.579926724998586
283,1.194237310999597,0.6116405419998046,0.5944004829998448,0.5909451240004273,0.5812302049998834,0.5847920870000962,0.5809192540000367,0.5807185470002878,0.5854735560005793,0.5784900849994301
284,1.1868766080006026,0.6077190110008814,0.5922677099988505,0.5848316249994241,0.585741467999469,0.5884992360006436,0.5795462139994925,0.5860021070002404,0.5857850680004049,0.5821749160004401
285,1.1911466750007094,0.606294881001304,0.5867978350015619,0.5868837729994993,0.5915411320002022,0.5853995029992802,0.5840362119997735,0.5841257120009686,0.5811089489998267,0.579503865001243
286,1.187713764998989,0.6065156309996382,0.5945341530004953,0.5926485620002495,0.5932020579984965,0.5918904999998631,0.5823544439990656,0.5857960140001524,0.5873594910008251,0.5839275889993587
287,1.1955009450011858,0.604342982000162,0.5927251369994337,0.5892683479996776,0.5866132419996575,0.5832516599984956,0.581536910000068,0.583099081999535,0.587161035000463,0.5739702259998012
288,1.1923306740009139,0.6076780460007285,0.5927483420000499,0.5854961309996725,0.5869358220006688,0.5895930750011757,0.584775590999925,0.5845433419999608,0.5878337779995491,0.5816251000014745
289,1.2039199480004754,0.6068737950008654,0.5917608109994035,0.5816437320008845,0.5867807400009042,0.5859539930006576,0.5836138640006538,0.5836418630005937,0.5861335110002983,0.5777222939996136
290,1.1917366360012238,0.6052364509996551,0.586300940000001,0.5857854959995166,0.5839428899998893,0.5843483160006144,0.5826375560009183,0.5842935279997619,0.5804120269986015,0.576366916000552
291,1.1873454790002143,0.6053554769987386,0.590613664000557,0.5893360579993896,0.5864309960015817,0.5824046300003829,0.5820565640005952,0.5845464519989036,0.5838365470008284,0.5817722650008363
292,1.1953509630002372,0.6058217290010361,0.5955797199985682,0.5808429379994777,0.5864255859996774,0.589770235999822,0.5820646370011673,0.580245440998624,0.5814474940016225,0.5809020479991887
293,1.2002563099995314,0.6070308389989805,0.5896749519997684,0.5831650370000716,0.5850069339994661,0.5876070650010661,0.5806908409995231,0.580121553999561,0.5868943969999236,0.5789051869996911
294,1.1877239489986096,0.6079883279999194,0.59305481499905,0.5887776639992808,0.5891032010003983,0.5808526700002403,0.5831940999996732,0.5830762699988554,0.5814796660015418,0.5843189480001456
295,1.1853495389987074,0.610287221001272,0.5918367079993914,0.5983892669992201,0.5881886030001624,0.5857925540003635,0.5831413809992227,0.5867355779992067,0.5882853439998144,0.5783133419990918
296,1.1889408759998332,0.6035784439991403,0.5937612230009108,0.5878996470000857,0.5901820010003576,0.5870563040007255,0.584866952000084,0.5827005710016238,0.5871656409999559,0.5816962000008061
297,1.1883091750005406,0.6040155559985578,0.5874508219985728,0.5886192530015251,0.5932377860008273,0.5924670939984935,0.5810942389998672,0.5818893499999831,0.5868283680010791,0.5792569440000079
298,1.1958288080004422,0.6062322289999429,0.5903176520005218,0.5925849940012995,0.5866423000006762,0.5851362000012159,0.5834699280003406,0.5882455219998519,0.58652661600172,0.58281805399929
299,1.1886404289998609,0.6070580140003585,0.5880458479987283,0.5881488489994808,0.5865076609989046,0.580222563999996,0.5801922329992522,0.5838872830008768,0.5867818299993814,0.5836596379995171
300,1.1887829530005547,0.6088801619989681,0.5954527450012392,0.589084556000671,0.5861736939987168,0.5824837629988906,0.5810089689985034,0.5861493089996657,0.5838378169992211,0.5834935330003646
301,1.2002224450006906,0.6057299650001369,0.5899397079992923,0.5964001199990889,0.5924142929998197,0.5882719879991782,0.5796461240006465,0.5835279670009186,0.5845054590008658,0.5811166490002506
302,1.191252878999876,0.6110827890006476,0.58968589899996,0.5881137380001746,0.5883220659998187,0.5854478490000474,0.5792185040008917,0.578395582999292,0.5901982949999365,0.5789237989993126
303,1.1909761059996526,0.6089381080000749,0.5894492759998684,0.5894574170015403,0.5837149599992699,0.5865531729996292,0.5803398659991217,0.5836731970011897,0.5882230450006318,0.5814578570007143
304,1.1919277639990469,0.6099912859990582,0.5902608560008957,0.5873911489998136,0.5863884559985308,0.583899246999863,0.5892913580009917,0.5844620650004799,0.5860733939989586,0.5763036990010733
305,1.1841055840013723,0.6094344850007474,0.5981536849994882,0.5883778440002061,0.5896165590002056,0.5875102049994894,0.5862023970003065,0.5823378169989155,0.5896950189999188,0.5765760920003231
306,1.18951353599914,0.6035154499986675,0.5875532199988811,0.5892520190009236,0.5920984089989361,0.5817001499999606,0.5852593420004268,0.5814927599985822,0.5901268600009644,0.581090306999613
307,1.188128941999821,0.6052855850011838,0.5935880430006364,0.5854289880007855,0.5847645979993104,0.5845792270010861,0.5833282849998795,0.5846007350010041,0.5932224159987527,0.5760281289985869
308,1.1924232470009883,0.6036777339995751,0.5980356999989453,0.5913044900007662,0.585886100998323,0.5830935099984345,0.5814553780001006,0.5854741539988026,0.5879733170004329,0.580859875999522
309,1.180514914000014,0.6112002350000694,0.5988909240004432,0.5912886759997491,0.5861066550005489,0.5888981810003315,0.5823146480015566,0.585585856999387,0.5935740139993868,0.5841908219990728
310,1.1844389190009679,0.6072723080014839,0.5905359530006535,0.5884668939997937,0.5868827120011701,0.5860592850003741,0.5805156650003482,0.58590829700006,0.5880293320005876,0.5760349619995395
311,1.2006998080014455,0.6131351770000038,0.5895650050006225,0.5882667339992622,0.5837233060010476,0.589154163000785,0.5762795170012396,0.579634353000074,0.5840239420012949,0.5778589949986781
312,1.1927383139991434,0.6062811980009428,0.595066369000051,0.5842272019999655,0.589658173999851,0.5840191480001522,0.5846090609993553,0.5832344610007567,0.5873069640001631,0.5776443559989275
313,1.1921231649994297,0.605816015999153,0.5919275790001848,0.5874399179992906,0.5838803070000722,0.5845070539999142,0.5848738969998521,0.5807950790003815,0.5886892210000951,0.5799257290000241
314,1.1929384899995057,0.6044312920002994,0.592309784000463,0.5835352659996715,0.5910790879988781,0.5860643019987037,0.5831796500006021,0.5812482109995472,0.5861023779998504,0.5763048529988737
315,1.1926834229998349,0.6072329250000621,0.5953754380007013,0.587693871000738,0.5841225269996357,0.5870392719989468,0.5840854340003716,0.5821845800001029,0.5796057709994784,0.5792457120005565
316,1.1875167550006154,0.6101213219990314,0.5892426099999284,0.5895757310008776,0.5843238289999135,0.5845312820001709,0.5847034159996838,0.5847181099998124,0.5858706899998651,0.5766778709985374
317,1.1877224170002592,0.6120281010007602,0.5929068740006187,0.5909547909996036,0.5846117599994614,0.5863166969993472,0.5870703050004522,0.5873775200016098,0.5846150540000963,0.5784087259999069
318,1.1968228589994396,0.609473099000752,0.5907265400001052,0.5881579090000741,0.5866710230002354,0.5851587659999495,0.5823623840005894,0.5824559680004313,0.5859958260007261,0.57515070899899
319,1.1901973860003636,0.6136353290003171,0.591621021998435,0.5852138520003791,0.5848102449999715,0.5892485429994849,0.578731213001447,0.5837344560004567,0.5842827699998452,0.5795513829998526
320,1.1940458379995107,0.6059446059989568,0.5952004680002574,0.5877035299999989,0.5809130809993803,0.5866087209997204,0.5812398710004345,0.5941703580010653,0.5841553989994281,0.5804700030003005
321,1.1918712419992517,0.6063984680004069,0.5918016939995141,0.5908446329995058,0.5848662160005915,0.5854732300012984,0.5883026439987589,0.5857869999999821,0.5865698180004983,0.5760274690001097
322,1.1904378389990597,0.6092386809996242,0.591266891999112,0.5918595709990768,0.5873303550015407,0.5874499420006032,0.5817248160001327,0.5824080069996853,0.5980554409998149,0.5770077819997823
323,1.1930464899996878,0.6094048220002151,0.5946519839999382,0.591369173998828,0.5856367640008102,0.5948076810000202,0.5885310030007531,0.5807644360011182,0.5870281819989032,0.5779174429990235
324,1.1857996519993321,0.6055721190004988,0.5928909729991574,0.5886752250007703,0.5847702079990995,0.5818868499991368,0.5771701789999497,0.5871525939983258,0.5885362709996116,0.5774631080003019
325,1.1905108640003164,0.6059121929993125,0.592685696999979,0.5910114810012601,0.5874528380008996,0.581272096000248,0.5837489669993374,0.5849849339992943,0.5804018160015403,0.5765696050002589
326,1.1920854660002078,0.6026226829999359,0.5921054600003117,0.5910812809997879,0.5865554600004543,0.5830719149998913,0.583138850000978,0.5875356889991963,0.5879415669987793,0.5810715640000126
327,1.194048699000632,0.6109400300010748,0.5895609870003682,0.5876880089999759,0.5879837550000957,0.5848317119998683,0.5798156590008148,0.5930272789992159,0.5890562730000966,0.5818132719996356
328,1.1994963300003292,0.6061481820015615,0.5921640260003187,0.5931620339997608,0.5840834049995465,0.588362443000733,0.5800101179993362,0.5829715149993717,0.5865076509999199,0.577255171001525
329,1.1946144129997265,0.6084602370010543,0.5935500519990455,0.5904674190005608,0.5884108179998293,0.5863902410001174,0.5785366270010854,0.5866430769983708,0.5947315049997997,0.5800991159994737
330,1.1999959379991196,0.6092598619998171,0.5888663580008142,0.5921924550002586,0.5912128269992536,0.5834072190009465,0.5847864610004763,0.5858718230010709,0.5837140759995236,0.5823694659993635
331,1.1875665199986543,0.6076012210014596,0.5962776579999627,0.5898971609985892,0.5857906299988827,0.5958471779995307,0.5821792700007791,0.5846420489997399,0.5856556440012355,0.583982340998773
332,1.1930383819999406,0.6046888480013877,0.5927530589997332,0.5877682949994778,0.5849968940001418,0.5808715160001157,0.5757876879997639,0.5834910069988837,0.5879845740000746,0.5779505089994927
333,1.1889602789997298,0.6097080190011184,0.5880904240002565,0.5901033749996714,0.5835516370007099,0.5847073430013552,0.5880055079996964,0.5754451979992155,0.5830332059995271,0.5815133489995787
334,1.1914081489994715,0.6019518109987985,0.5881075319994125,0.5888135850000253,0.5854316770000878,0.5867465190003713,0.5797282540006563,0.5868289889986045,0.5906572980002238,0.5807769610000832
335,1.1878776579997066,0.5996907609987829,0.591850405000514,0.5907142129999556,0.58647466200091,0.5878587570005038,0.5781093149998924,0.5816948390001926,0.5877954780007713,0.5823480260005454
336,1.1909805399991455,0.6069113449993893,0.5968168760009576,0.5913230019996263,0.5850330910016055,0.5884246169989638,0.5824247599994123,0.5800303649994021,0.5874532329999056,0.5805331860010483
337,1.1848431430007622,0.606639825999082,0.5906201109992253,0.5895888760005619,0.5859355050015438,0.5834616310003184,0.5796403990007093,0.5838334809996013,0.5863532180010225,0.583499110000048
338,1.1876843320005719,0.6083482499998354,0.5971871570000076,0.5888463979990775,0.5825160139993386,0.5853921629986871,0.580766262999532,0.5811778600000252,0.5804672739996022,0.5808149700005742
339,1.1900855630010483,0.6032329210011085,0.5967246190011792,0.5919335999988107,0.5855379259992333,0.584170248999726,0.5839851159998943,0.5827460750006139,0.5852233779987728,0.5812102519994369
340,1.1949302920002083,0.6065339230008249,0.5891741249997722,0.5895557889998599,0.5873301539995737,0.5825544899998931,0.5845907000002626,0.5877918539990787,0.5817205900002591,0.5812344380010472
341,1.1915797279998515,0.6059959180001897,0.5945062629998574,0.5873865560006379,0.5858526560004975,0.5862287600011769,0.5902497509996465,0.5862934070009942,0.5839614900014567,0.5815364509999199
342,1.1868306859996665,0.6039792570009013,0.5982457770005567,0.5848290260000795,0.5824941669998225,0.5807344320000993,0.5840358740006195,0.5861786489986116,0.5829453129990725,0.5789424140002666
343,1.1962429610011895,0.607931673001076,0.587460162001662,0.586599350999677,0.5899838120003551,0.5886892599992279,0.5818574059994717,0.581768326999736,0.5842654970001604,0.5824840020013653
344,1.1975123989996064,0.6095226139987062,0.5969643399985216,0.5891621499995381,0.5847198900009971,0.5866486559989426,0.5778248749993509,0.5802589350005292,0.5863503269993089,0.5816767500000424
345,1.1851352979992953,0.6016903269992326,0.5956884990009712,0.5913827610002045,0.583161831000325,0.5844998129996384,0.5800756580010784,0.5875234279992583,0.5836084179991303,0.578533473000789
346,1.1848357319995557,0.6065392609998526,0.5891561309999815,0.586231332999887,0.5871271449996129,0.5886499959997309,0.5797947029986972,0.591516803999184,0.5870307999994111,0.5774884870006645
347,1.187780746999124,0.5997029070003919,0.5931666270007554,0.5938745260009455,0.5844180599997344,0.584499696000421,0.5862884060006763,0.5883390990002226,0.5862756970000191,0.5855859570001485
348,1.1899654579992784,0.60964986900035,0.5911653330003901,0.5915440119988489,0.5875819080010842,0.5838140369996836,0.5838257180002984,0.5887033679991873,0.5820251530003588,0.5794876899999508
349,1.185627540000496,0.6056847130003007,0.5862488450002274,0.5882476740007405,0.5880564600010985,0.582234695999432,0.5864085129996965,0.5858458429993334,0.581806902999233,0.581344132000595
350,1.1923464930005139,0.6031203069996991,0.590336016000947,0.5886419840007875,0.5828382599993347,0.5821456680005213,0.5862900350002747,0.5868308129993238,0.5829236949994083,0.5811174579994258
351,1.1946577489998162,0.6122088419997453,0.5881652320003923,0.5876837519990659,0.5831774199996289,0.586935346998871,0.5819588519989338,0.5873119919997407,0.5856450800001767,0.5790658320001967
352,1.1880562269998336,0.6051334989988391,0.5923530590007431,0.589341721000892,0.587538449000931,0.5822633319985471,0.5800295099998038,0.5855855150002753,0.5881319609998172,0.5858968960001221
353,1.188689593998788,0.6054075529991678,0.5954908709991287,0.5896252510010527,0.5848124349995487,0.5837738790014555,0.5833098319999408,0.5866744830000243,0.5846234939999704,0.5810198790004506
354,1.1921942179997131,0.6090182379994076,0.5957640540000284,0.5891280520008877,0.5848950510007853,0.5822924959993543,0.5848789360006776,0.5882750740001939,0.5883069179999438,0.5792667669993534
355,1.1889617039996665,0.6122193979990698,0.5888037900003837,0.5923719659986091,0.5884999240006437,0.5883516169997165,0.5796155139996699,0.5889889430000039,0.5842846590003319,0.5809617959985189
356,1.1849253549989953,0.6061255109998456,0.593493637001302,0.5913080139998783,0.5831055690014182,0.5803007399990747,0.5802302079991932,0.586327049000829,0.5858284969999659,0.5758745619987167
357,1.186416714999723,0.6044264230004046,0.5932462969994958,0.589118015999702,0.5874849690007977,0.5843308530002105,0.5775953860011214,0.5842390599991631,0.585165563999908,0.5884763400008524
358,1.2050963399997272,0.61589009599993,0.5898942019994138,0.5918349910007237,0.587293647999104,0.5830132230003073,0.5778613660004339,0.5812237840000307,0.5864547040000616,0.5815126239995152
359,1.1882140380002966,0.606449889999567,0.5945148040009371,0.5906338230015535,0.584799723001197,0.5818398829997022,0.5804194629999984,0.5812817339992762,0.5826022080000257,0.5844660319999093
360,1.1849999810001464,0.6059192299999268,0.5920470380006009,0.589163386999644,0.5857036219986185,0.5844441279987223,0.5828070730003674,0.5824634220007283,0.5819042840012116,0.5826332940014254
361,1.1937162419999368,0.6095165879996784,0.5970415450010478,0.5852619849993062,0.583852902000217,0.5849976320005226,0.5813031970010343,0.5816480179983046,0.5844614479992742,0.5782810460004839
362,1.1897283420003077,0.6068116189999273,0.5898017780000373,0.5864354690002074,0.5880695420000848,0.5837280390005617,0.58084224599952,0.5830157800010056,0.5803372820009827,0.5820462989995576
363,1.1939304540010198,0.6078793880005833,0.5906528040013654,0.5919503979985166,0.5855869759998313,0.5868697309997515,0.5794461160003266,0.5824645150005381,0.5858826789990417,0.5767018539991113
364,1.1896425880004244,0.6096128219996899,0.5921743859998969,0.591837272999328,0.5852676870017604,0.5841829230012081,0.5764780589997827,0.5872715720015549,0.5858084219999,0.5790443130008498
365,1.1895457549999264,0.609293768000498,0.5899465060010698,0.6033298630009085,0.5812090259987599,0.5883883550013707,0.5816468530010752,0.5847997960008797,0.5885995299995557,0.5776701199993113
366,1.189398929998788,0.60923363800066,0.5890945379996992,0.5893708349994995,0.585269139999582,0.5874505060000956,0.5855037800010905,0.5817144950015063,0.5803365009996924,0.5825858529988182
367,1.1934928579994448,0.6112132749985904,0.5897480610001367,0.5886423330011894,0.5884917020011926,0.5833606319993123,0.5849978040005226,0.5881611589993554,0.584431556000709,0.5788696910003637
368,1.1950146700000914,0.6072253289985383,0.5871353169986833,0.5925075739996828,0.5805234189992916,0.584600825999587,0.5824534139992465,0.5823709890009923,0.5879123590002564,0.5802977530001954
369,1.1964769309997791,0.6076242399994953,0.5871928039996419,0.5878835559997242,0.585213771000781,0.5820512249993044,0.5888558759997977,0.5841770410006575,0.5835547759998008,0.5809633069984557
370,1.1979285569996136,0.6086871520001296,0.5913035690009565,0.5941876229990157,0.5824979659992096,0.5819923029994243,0.5807817710010568,0.585486834999756,0.5880168889998458,0.5824630839997553
371,1.1949080800004594,0.6049225269998715,0.5914459440009523,0.5899345550005819,0.5834640159991977,0.5818814470003417,0.5857954210005119,0.5874562360004347,0.5797941640012141,0.5795688110010815
372,1.1855106959992554,0.6097035830007371,0.5875836840004922,0.5876883260007162,0.5806025860001682,0.5902413860003435,0.5863887930008786,0.5825667680001061,0.5871861110008467,0.5769580100004532
373,1.1938095109999267,0.6023429449996911,0.5915209599988884,0.5869019700003264,0.587760401000196,0.5851727660010511,0.5819245120001142,0.5795939439994982,0.5825516980003158,0.5817236359998788
374,1.1909383469992463,0.6060728669999662,0.5921284029991511,0.5908796869989601,0.5830698299996584,0.5843270500008657,0.5861703129994567,0.5872225490002165,0.5887579489990458,0.5749784050003655
375,1.192751219999991,0.5969671639995795,0.5877270970013342,0.5866918900010205,0.5841137410006922,0.5866843260009773,0.5781338800006779,0.5812304650007718,0.5876696279992757,0.5824766960013221
376,1.1989108440011478,0.606987905999631,0.5921000800008187,0.5886659810003039,0.5858495200009202,0.5858542990008573,0.5825557729986031,0.586079818998769,0.5825058720001834,0.5785183480002161
377,1.1875669229993946,0.6019803840008535,0.5893226930002129,0.5937275779997435,0.5852646399998775,0.5854722069998388,0.5789712259993394,0.577940993998709,0.5867910890010535,0.5791668599995319
378,1.1916726749986992,0.603987562999464,0.5926562610002293,0.5920486539998819,0.590443380000579,0.5892274660000112,0.581075060999865,0.5820909249996475,0.588084142000298,0.5776526079989708
379,1.1851784520004003,0.6029619889995956,0.596774286001164,0.5837216720010474,0.5854032009992807,0.5862532549999742,0.5821972880003159,0.5823145449994627,0.5868240210002114,0.5790084689997457
380,1.1950056249988847,0.6084428199992544,0.596711084999697,0.590331122999487,0.5865891619996546,0.5844944330001454,0.5836078500014992,0.5848041829995054,0.5836883020001551,0.5784123619996535
381,1.1895448319992283,0.6056891179996455,0.5907217929998296,0.5888687439983187,0.5887381089996779,0.5840489769998385,0.5832676859990897,0.5860886930004199,0.5874415809994389,0.5802806640003837
382,1.182558913000321,0.6055795890006266,0.5994266729994706,0.5901961590006977,0.585743575999004,0.5826881129996764,0.5821179790000315,0.5817246100014017,0.5862190230000124,0.5823105549989123
383,1.188744790999408,0.6034604750002472,0.5941548700011481,0.5864610930002527,0.5860214839995024,0.589219444000264,0.582563811,0.5833322970011068,0.5848619530006545,0.5796500259984896
384,1.188959656001316,0.6092534760009585,0.5886699650000082,0.5930890670006193,0.5824402399994142,0.5834040869995079,0.5821504460000142,0.5868286620006984,0.584860879000189,0.579902781999408
385,1.1919787919996452,0.5991727169985097,0.5910015919998841,0.5868641580000258,0.585361854000439,0.589975365999635,0.5796004990006622,0.5823474429998896,0.5938131029997749,0.5746615010011737
386,1.1926187999997637,0.6074622659998568,0.5931406270010484,0.5878040600000531,0.5849279400008527,0.5805215119999048,0.583245628999066,0.5848940890009544,0.585436061001019,0.5808486960013397
387,1.1894975609993708,0.6025239850005164,0.5946131159998913,0.5914076760000171,0.5872928939988924,0.5926097789997584,0.5813641519998782,0.5821631680009887,0.586965271999361,0.5757176429997344
388,1.190435812000942,0.6074474239994743,0.5961294380012987,0.5941630200013606,0.5846578219989169,0.5881478330011305,0.5799517060004291,0.5826038609993702,0.5823894999994081,0.5828379089998634
389,1.1883955349985627,0.6040982760005136,0.5910938040015026,0.5871478299995943,0.5858165629997529,0.5867352139994182,0.5808204209988617,0.5865243600001122,0.5883070599993516,0.5781880539998383
390,1.1879580000004353,0.6045873150014813,0.5928469300015422,0.5924001650000719,0.583928879999803,0.5836553760000243,0.5814110139999684,0.5832275419998041,0.5828140899993741,0.5770841269986704
391,1.1864314810009091,0.6090305509987957,0.5928899989994534,0.5886839310005598,0.586269989998982,0.581451953999931,0.5850839089998772,0.580412981000336,0.5922682640011772,0.5816961220007215
392,1.188162436001221,0.6053540330012765,0.5936428090008121,0.5908540660002473,0.5852505799994105,0.5867790849988523,0.5803689600015787,0.5816588580000825,0.5892884600016259,0.5811030820004817
393,1.195311366000169,0.6015595249991748,0.591410717999679,0.5894762929983699,0.58949951500108,0.5873465050008235,0.5822867169990786,0.5843326389986032,0.5855193890001829,0.5798104499990586
394,1.1887806880004064,0.6078927939997811,0.5917474060006498,0.5936943649994646,0.5862923129989213,0.5865035490005539,0.581248210000922,0.5887827900005504,0.5851336139985506,0.5819916279997415
395,1.1965879929994117,0.6025352199994813,0.5917431289999513,0.5936347970000497,0.586572721000266,0.584579248999944,0.5834215719987697,0.585480681998888,0.5883694250005647,0.5754122589987674
396,1.184059448998596,0.6062923729987233,0.5896519470006751,0.5957834900000307,0.5876215509997564,0.5894658649995108,0.5857606829995348,0.5870125130004453,0.5894749540002522,0.5808425689992873
397,1.1881473909998022,0.6032072809994133,0.5906379249991005,0.586630055000569,0.5833271039991814,0.5932076329991105,0.5820843970013811,0.5874968090010952,0.5865931909993378,0.5770946180000465
398,1.1852843460001168,0.6026305850009521,0.5919534649983689,0.5879440699991392,0.5873295420005888,0.5834089550007775,0.5838249389998964,0.5810423769999034,0.587120510999739,0.579314491000332
399,1.1852329529992858,0.6005936109995673,0.5873132350006927,0.5876584729994647,0.5899080319995846,0.5918439860015496,0.5781331739999587,0.5871459930003766,0.58638612499999,0.5796311180001794
400,1.187933516999692,0.6037729089985078,0.5909573879998788,0.5952806249988498,0.5903561809991515,0.5927907729983417,0.5853646089999529,0.5850520630010578,0.5819329109999671,0.5842558870008361
401,1.1907956289996946,0.6016929950001213,0.5900417979992199,0.590248671000154,0.5897988579999947,0.5904307540004083,0.5802537449999363,0.5842315219997545,0.5862549659996148,0.5824066750010388
402,1.186301010000534,0.600378629998886,0.5900201179993019,0.5860239610010467,0.592813720999402,0.5902456330004497,0.5894349569989572,0.5825908000006166,0.5866344099995331,0.579335637999975
403,1.1850446669996018,0.6046753749997151,0.5901181769986579,0.5859061720002501,0.586459702000866,0.5871291019993805,0.5773588230003952,0.5821335050004564,0.5916807489993516,0.5753809950001596
404,1.1861174940004275,0.6050828469997214,0.5956567419998464,0.5886157669992826,0.5893336000008276,0.584804976999294,0.5825219050002488,0.583170779998909,0.5875033510001231,0.5791952569998102
405,1.1812759270014794,0.6097130409998499,0.5946702130004269,0.5844901990003564,0.5886719850004738,0.588484273001086,0.5826381530005165,0.5844023059999017,0.5868765879986313,0.5781839739993302
406,1.1873686830003862,0.6023168529991381,0.593007707999277,0.5890778020002472,0.5855648460001248,0.5900577989996236,0.5815396020007029,0.5813758259992028,0.5838480239999626,0.5821430979995057
407,1.1882692339986534,0.6003453790017375,0.5914076879998902,0.5881033839996235,0.5905016550004802,0.5869318599998223,0.5810789500010287,0.5834258199993201,0.5880949940001301,0.5780250899988459
408,1.1833218409992696,0.6082102740001574,0.5935036939990823,0.5862187099992298,0.585490593999566,0.5889173399991705,0.5820498339999176,0.5833376370010228,0.5845681040009367,0.5787804659994435
409,1.192433328998959,0.6044062310011213,0.5901165739996941,0.5896123840011569,0.5870480829998996,0.5838042970008246,0.5840039959985006,0.5866197870000178,0.5837524519993167,0.580615343998943
410,1.1890591709998262,0.6038548830001673,0.5930042790005245,0.5861451279997709,0.585673596999186,0.587910866999664,0.5801167560002796,0.5873993360000895,0.5823591860007582,0.5781814500005567
411,1.1895535609983199,0.6106160819999786,0.5855843200006348,0.5887368439998681,0.5871202150010504,0.5940120369996293,0.5786593230004655,0.5870332009999402,0.5886832979995233,0.5783789590004744
412,1.1858873559995118,0.6037006370006566,0.588514180999482,0.5851883850009472,0.5861941349994595,0.5814262590010912,0.579913094999938,0.5847361739997723,0.5850007050012209,0.5877718239989917
413,1.1860537319989817,0.60354917100085,0.5891925150008319,0.5946769660004065,0.588482182000007,0.5860303699992073,0.5848582910002733,0.5783873689997563,0.5861429540000245,0.5766753659991082
414,1.1879291270015528,0.6087946999996348,0.5924282619998849,0.5891265800000838,0.5835675220005214,0.5847668509995856,0.5807433890004177,0.5811539940004877,0.5887584920001245,0.5787198900015937
415,1.1854384189991833,0.6032606879998639,0.5910857710005075,0.5897280919998593,0.584093955998469,0.5864040090000344,0.5823490309994668,0.5786335699995107,0.5837203209994186,0.5798275550005201
416,1.1855217379998066,0.6030350630007888,0.5886727069992048,0.5881143060014438,0.5818297850000818,0.5862331349999295,0.5846309539992944,0.5840000019998115,0.5848765809987526,0.582766071000151
417,1.189662512000723,0.6034079259989085,0.5955538969992631,0.5846203209985106,0.5844510730003094,0.5829280389989435,0.5831511260003026,0.5814016340009402,0.5815498779993504,0.5829652299998997
418,1.1909087120002368,0.6049781239998993,0.5897496259985928,0.5926050159996521,0.5873876879995805,0.5891366060004657,0.5790325880007003,0.5812409709997155,0.5935549739988346,0.573905540000851
419,1.1908148150014313,0.6056806900014635,0.593874225000036,0.5899519929989765,0.5902972200001386,0.5835746669999935,0.5812202880006225,0.5772341060001054,0.584824302000925,0.5746155549986725
420,1.1919230660005269,0.601776974999666,0.594782138001392,0.5904275659995619,0.5862087320001592,0.5896138099997188,0.5846920430012688,0.578990949999934,0.5849448370008759,0.5783929350000108
421,1.1912094649997016,0.6044586499992874,0.5911813889997575,0.5882469989992387,0.5880378469992138,0.5814487710013054,0.5811435549985617,0.5809637359998305,0.585970529999031,0.5779431959999783
422,1.1846693389998109,0.6052434719986195,0.5907768930010207,0.5866138250003132,0.5882179399995948,0.590813861001152,0.5847522589992877,0.579764353000428,0.5887911159989017,0.5781413550012076
423,1.1835920529993018,0.6043254480009637,0.588616364999325,0.5930427250004868,0.584274954000648,0.5879458100007469,0.583342404999712,0.5818514649999997,0.5838019760012685,0.5790063569984341
424,1.192797335999785,0.6041455840004346,0.5902755540009821,0.5927146690009977,0.5872306710007251,0.5822621460010851,0.5849982620002265,0.5820771569997305,0.5831681649997336,0.5833204110003862
425,1.1940075410002464,0.6053525420011283,0.59470826299912,0.5932470169991575,0.5840717120008776,0.5788745589998143,0.5786833910005953,0.5777785469999799,0.5885586570002488,0.5780009280006198
426,1.1914651699989918,0.6060905390004336,0.5870207340012712,0.5988525200009462,0.5880937990004895,0.580713471999843,0.5818126539998048,0.5829295959993033,0.5825538910012256,0.5794962070012843
427,1.185318615000142,0.6052655769999546,0.5925217090007209,0.5918013910013542,0.5849913080000988,0.583178263001173,0.5828537720008171,0.583655832999284,0.5879115580009966,0.5764688780000142
428,1.1901474370006326,0.6025424180006667,0.5899222389998613,0.5849145089996455,0.5924448580008175,0.5845156220002536,0.5800275149995286,0.5822003299999778,0.5833780929988279,0.581135162999999
429,1.186519615999714,0.6052808789991104,0.5927403389996471,0.589095378998536,0.5869935949995124,0.5856106820010609,0.5812125829997967,0.5839591849999124,0.5863434940001753,0.5773765650010318
430,1.1910330059999978,0.6036299110000982,0.5941493460013589,0.5929763550011558,0.5868635500009987,0.5851811390002695,0.5883723780007131,0.5827828159999626,0.5859524579991557,0.5825313389996154
431,1.1882653390002815,0.6031011169998237,0.5924274049993983,0.5862542929990013,0.5854976059999899,0.5818689089992404,0.5789162190012576,0.5831495429993083,0.5864200870000786,0.579777164000916
432,1.1907467729997734,0.6073111759997118,0.592406622999988,0.5888205020000896,0.5892915080003149,0.589645690000907,0.5775725379990035,0.5799596020005993,0.5875190749993635,0.5764590249982575
433,1.1914958760007721,0.6059029680000094,0.5900272449998738,0.5891275510002743,0.588868929000455,0.5868229839998094,0.5819885609998892,0.5801805959999911,0.591154779000135,0.5824914400000125
434,1.1954558830002497,0.6070748069996625,0.5932453650002572,0.5904277109984832,0.5908094269998401,0.586385339998742,0.5828795600009471,0.5833009449997917,0.5845115970005281,0.5804681019999407
435,1.1849367800004984,0.601390715000889,0.5902423369989265,0.5921103019991278,0.5837243719997787,0.5847701550010242,0.5817338159995415,0.5846736120001879,0.5837844659999973,0.5764677410006698
436,1.1875479850004922,0.6063343259993417,0.5977665600003093,0.5910599680009909,0.5885709399990446,0.5866622280009324,0.5833816650010704,0.5825117570002476,0.5847485200010851,0.5812861459999112
437,1.1854514869992272,0.6036624030002713,0.5909554090012534,0.5903622980004002,0.5877477590001945,0.5865362339991407,0.5787186160014244,0.582725868000125,0.5863994150004146,0.5813714230007463
438,1.1891504060004081,0.6075591710014123,0.593897474998812,0.5887774210004864,0.5826023660010833,0.5883057259998168,0.5801412279997749,0.5849653329987632,0.5832559350001247,0.5790533340004913
439,1.1879323580014898,0.6067484020004486,0.5981081249992712,0.587209265000638,0.5877652979997947,0.5906961699984095,0.5779697380003199,0.5773305090006033,0.5844763289987895,0.5851700450002681
440,1.1878538359997037,0.6015823500001716,0.5953685790009331,0.5864290120007354,0.5834209259992349,0.5871498480009905,0.5833997530007764,0.5825312030010537,0.5866127730005246,0.5827550329995574
441,1.1922683940010756,0.6038129009994009,0.589412925999568,0.5883266150012787,0.5833821090000129,0.5835088680014451,0.5836473440012924,0.5840129789994535,0.58654567800113,0.5795014119994448
442,1.1878936539997085,0.6082615380000789,0.5909548939998785,0.5879287249990739,0.589776348999294,0.5866743509996013,0.5773524129999714,0.5803318159996707,0.5863044559991977,0.5828216150002845
443,1.1893369509998593,0.6064585919993988,0.5916013910009497,0.5881815079992521,0.5850123950003763,0.5855492289992981,0.582139031999759,0.5878211660001398,0.5826601720000326,0.5773073170003045
444,1.2049819139992906,0.6049997699992673,0.5911063290004677,0.587424376000854,0.5853976819998934,0.5837958339998295,0.5797142369992798,0.5868614249993698,0.5845090780003375,0.5856538520001777
445,1.191323191000265,0.6052890299997671,0.5903136889992311,0.5923062670008221,0.5860991640001885,0.5809505600009288,0.5768365390013059,0.5799495939991175,0.5855648600008863,0.5816802819990698
446,1.1875383039987355,0.6043329399999493,0.5981161370000336,0.5910182020015782,0.5895786190012586,0.5863501970015932,0.5778344639984425,0.5839802070004225,0.5889953369987779,0.5838087310003175
447,1.1826451169999928,0.6067573469990748,0.5885706310000387,0.5941187520002131,0.581436856999062,0.5911475339999015,0.5789489870003308,0.5821099060012784,0.5810567059997993,0.5817303069998161
448,1.1863405479998619,0.603870425000423,0.5923258670009091,0.5890181940012553,0.5813276819990278,0.5910593200005678,0.5772818210007244,0.5832362759992975,0.5932583039993915,0.5797697670004709
449,1.1940970640007436,0.6063724710002134,0.5885253639989969,0.587573318000068,0.5832958160008275,0.5874106649989699,0.5816127930011135,0.5869274229989969,0.5863049609997688,0.583246711999891
450,1.1897503260006488,0.6054342440002074,0.589910921999035,0.5907162940002308,0.5885459519995493,0.595844704999763,0.5810241519993724,0.5846414110001206,0.5847661799998605,0.58432953800002
451,1.1930070230009733,0.6036769729998923,0.5914744269994117,0.5890254129990353,0.582108219001384,0.5858007450005971,0.5830157679993135,0.5787458979993971,0.5812720419999096,0.5824049980001291
452,1.1886745420015359,0.6051920600002632,0.5927874850003718,0.5980601450009999,0.585418197000763,0.5866393290016276,0.5816381410004396,0.5852456620013982,0.5853088090007077,0.5837580259994866
453,1.1964238170003227,0.6032822089982801,0.5899920119991293,0.5876282000008359,0.5875957830012339,0.5902488749998156,0.5762645020004129,0.5773588020001625,0.5898680699992838,0.579002008000316
454,1.186396461998811,0.6070096799994644,0.5942388210005447,0.5907870800001547,0.588144461000411,0.5851865820004605,0.5765927840002405,0.5842250610003248,0.5847251349987346,0.5818781580001087
455,1.1871000419996562,0.5991558450004959,0.5951748949992179,0.5935965469998337,0.5888523840003472,0.5874654930012184,0.5791458720013907,0.5856235149985878,0.5801686049999262,0.580206888000248
456,1.1911235120005585,0.6057105349991616,0.6025056009984837,0.5966141450007854,0.5894751289997657,0.5877975530002004,0.5765340879988798,0.5805745210000168,0.5832823790005932,0.5829335220005305
457,1.1910305469991727,0.6043208800001594,0.5942599619993416,0.591099301000213,0.5925988139988476,0.5962179060006747,0.5824833660008153,0.5833887129992945,0.5894553929992981,0.5846919359992171
458,1.191184434999741,0.6032350760015106,0.5889172009992762,0.5897002620004059,0.5860681350004597,0.5799292840001726,0.5817623700004333,0.5878216399996745,0.5909405250004056,0.5787821750000148
459,1.1901413989999128,0.6009222160009813,0.5864702310009307,0.5879204919983749,0.584394417999647,0.5901330060005421,0.5866220600000815,0.5823464819986839,0.5922177189986542,0.5790411750003841
460,1.187275268999656,0.6065190169993002,0.5903192300011142,0.5902548860012757,0.5866567640005087,0.5857950939989678,0.5828716369996982,0.5856920969999919,0.5905872470011673,0.5749388619988167
461,1.191861577999589,0.6069201259997499,0.588504056999227,0.5898238169993419,0.5860372209990601,0.5857662950002123,0.5798851969993848,0.5842653449999489,0.5894906810008251,0.5807512500014127
462,1.1873628749999625,0.6067340829995373,0.5940316189989971,0.5914825460004067,0.5831660640014888,0.5856174849996023,0.5799787739997555,0.5858147489998373,0.5816159879996121,0.5825723540001491
463,1.187561196000388,0.6041388150006242,0.5952460879998398,0.5845671879997099,0.5846434380000574,0.5889941490004276,0.5843742209999618,0.583821866001017,0.579479349000394,0.580647314000089
464,1.188213095001629,0.6012713010004518,0.5909018090005702,0.5859051210009056,0.587076268000601,0.5816476399995736,0.5787445639998623,0.5799160949991347,0.5801479229994584,0.5802938629985874
465,1.1889885170003254,0.6020347689991468,0.5899142880007275,0.5916113829989627,0.5884536279991153,0.5845476260001305,0.5803298289993108,0.5836783539998578,0.5839643839990458,0.5720703860006324
466,1.1920636689992534,0.6078046570000879,0.5896182129999943,0.584227669000029,0.5877279180003825,0.5895421960012754,0.5827477260008891,0.5833198740001535,0.5851424310003495,0.5794216459999006
467,1.187393317999522,0.6046860450005624,0.5939981610008545,0.5931403270005831,0.5899371350005822,0.5901620929998899,0.5833474120008759,0.5776623589990777,0.5854819930009398,0.5813417120007216
468,1.1905375530004676,0.607284305999201,0.5934071730007418,0.5866443450013321,0.5879108319986699,0.5822151310003392,0.5797085159993003,0.5829471119996015,0.5814018319997558,0.580693390000306
469,1.1875669800010655,0.6021421719997306,0.5921427439989202,0.5872246949984401,0.5877265039998747,0.5862262919999921,0.5820890420000069,0.5828533719995903,0.5890416059992276,0.5801235030012322
470,1.1972648410010152,0.6042577139996865,0.5926752800005488,0.5890415979993122,0.5859541879999597,0.5856285619993287,0.5804499030000443,0.5817061660000036,0.5826339929990354,0.5794456309995439
471,1.1853995669989672,0.6043582300007984,0.5989048009996623,0.5915380619990174,0.5849157110005763,0.5855717129998084,0.5797222059991327,0.5823402380010521,0.5868402439991769,0.5809059820003313
472,1.1919865189993288,0.6013043129987636,0.5914499749997049,0.5949247560001822,0.5885596650005027,0.5837243090008997,0.5782893339983275,0.5847832500003278,0.5853998610000417,0.5784026330002234
473,1.1906929990000208,0.6054209720005019,0.5955081140000402,0.5895492189993092,0.5833010389997071,0.5873015689994645,0.581466712999827,0.5828659870003321,0.5874935930005449,0.579038046000278
474,1.1914497749985458,0.6078846359996533,0.5880655389992171,0.5875748059988837,0.5916951050003263,0.5885996630004229,0.5840675449999253,0.5837139109989948,0.5948456119986076,0.5802746859990293
475,1.1896066070003144,0.6092622699998174,0.5890781779999088,0.587536930999704,0.5880412790011178,0.5862113420007518,0.5874802819998877,0.5808366639994347,0.5804720220003219,0.5798723440002505
476,1.1920808039994881,0.6031838390008488,0.5929843510002684,0.585798063000766,0.5895727910010464,0.586831536000318,0.5785595389988885,0.5778114789991378,0.5907893169987801,0.5799112539989437
477,1.1906172849994618,0.6084538569994038,0.5976028379991476,0.5887726949986245,0.5899343620003492,0.5850491660003172,0.5794305999988865,0.5759914489990479,0.5883069479987171,0.5837129860010464
478,1.1899185580004996,0.6013305220003531,0.5881303730002401,0.5895513809991826,0.5872630570011097,0.5815421340012108,0.57951380600025,0.5800931140001921,0.5856055539989029,0.5791228369998862
479,1.1910609340011433,0.6031762860002345,0.5890846549991693,0.5893015179990471,0.5897966000011365,0.582756268000594,0.5817107109996869,0.5839892929998314,0.5853757919994678,0.5819864710010734
480,1.1872300659997563,0.602104731999134,0.5933033380006236,0.5892691549997835,0.585935843999323,0.5898034820002067,0.5839258150008391,0.5848595570005273,0.5819384360002005,0.5805450329989981
481,1.1934121209997102,0.6015850869989663,0.590340691000165,0.5864130290010507,0.5863033820005512,0.5848117810000986,0.581282299999657,0.5856399280000915,0.5879885169997578,0.5840030660001503
482,1.1966257989988662,0.6039774210003088,0.5895704200011096,0.5900858339991828,0.583851166000386,0.5833912010002678,0.5804977919997327,0.5805267390005611,0.5845281180008897,0.5838803850001568
483,1.1952118539993535,0.607905014001517,0.5882154329992773,0.5870787509993534,0.5853721860003134,0.586950897000861,0.5802750469993043,0.5852095240006747,0.5853703569991922,0.5789349530004984
484,1.1882635220008524,0.5998612829989725,0.5895703850001155,0.5877957930006232,0.5864956790010183,0.5828636070000357,0.5834587839999585,0.5808986539996113,0.5866445749998093,0.5772976070002187
485,1.1899855500014382,0.6045609719985805,0.5984684140003083,0.5904670729996724,0.5826691080001183,0.5850584860017989,0.5804270819990052,0.5850309520010342,0.5822871620002843,0.5813105859997449
486,1.1958914360002382,0.6009134270007053,0.5891269609983283,0.5898442620000424,0.5844344359993556,0.5836376289989857,0.5802371629997651,0.5801678560001164,0.5806113020007615,0.5835163339997962
487,1.2034806629999366,0.6075245409992931,0.5898172069992142,0.5918453049998789,0.5842808050001622,0.5872324949996255,0.579994612999144,0.5853470050005853,0.583705065999311,0.5836262049997458
488,1.2147040460004064,0.6024727410003834,0.591920148999634,0.5927843209992716,0.5817630759993335,0.5916710929996043,0.578334439000173,0.5780890280002495,0.5865700940012175,0.5811168220006948
489,1.193800986999122,0.6129779370003234,0.5901231179996103,0.5933000979985081,0.5850915070004703,0.583467317999748,0.582324625000183,0.5812380850002228,0.5816073919995688,0.5804792859998997
490,1.1962623999988864,0.6057140930006426,0.5934056570004032,0.5915209409995441,0.5850700250011869,0.5854771600006643,0.5772141230008856,0.5820185720003792,0.5834412519998295,0.5745758840002964
491,1.2050030320006044,0.6022738239989849,0.5895292929999414,0.5851636740007962,0.5877598619990749,0.5857417979987076,0.5872757569995883,0.5797106259997236,0.5908830050011602,0.5801292639989697
492,1.334436099999948,0.6033206989995961,0.5875301619998936,0.5932389820009121,0.5872863460008375,0.5827682900016953,0.5798290519996954,0.5831109809987538,0.5839726220001467,0.5788134579997859
493,1.4240027390005707,0.6023789730006683,0.5948105309998937,0.5874252659996273,0.5885564019990852,0.5874629520003509,0.5864208990005864,0.5863472180008102,0.5811772619999829,0.5807381839986192
494,1.3951081769992015,0.6031832510016102,0.5943273809989478,0.5940303630013659,0.5841406939998706,0.5865737900003296,0.5840982820009231,0.5847947929996735,0.5830437120002898,0.5832859580004879
495,1.4201224759999604,0.6064208870011498,0.5989926790007303,0.5908510610006488,0.5844882750006946,0.5887546890007798,0.5856265499987785,0.5848419159992773,0.5900333599984151,0.5858962729998893
496,1.4307934799999202,0.5994158339999558,0.5951635929995973,0.5885099509996508,0.5851931899996998,0.5868687950005551,0.5840513069997542,0.5798471470006916,0.5838753309999447,0.5806465969999408
497,1.3960639529996115,0.6035584389992437,0.5887698689984973,0.5899458040003083,0.586030460000984,0.5915077480003674,0.5824407100008102,0.5784071620000759,0.5871313839998038,0.5785235540006397
498,1.2025597940009902,0.6013765469997452,0.588187666999147,0.5901212919998216,0.5844946209999762,0.5858036800000264,0.5820407190003607,0.5797539579998556,0.5881757930001186,0.5824371539983986
499,1.2050987980001082,0.6022332200009259,0.5971111710005061,0.5874467049998202,0.5851821749984083,0.587620264999714,0.579703827999765,0.581858249999641,0.5840685479997774,0.5799204289996851
