,FFT0,FFT1,FFT2,FFT3,FFT4,FFT5,FFT6,FFT7,FFT8,FFT9
0,105840.7288250117,55381.967493444594,134230.80158776094,177419.52106175118,109831.30521108556,61613.27474642404,285060.451817298,118317.9419497826,107150.00338188915,8310.841597644194
1,104324.14737881102,167274.50081569,196188.04444250927,160710.79945816955,174916.57233471837,3563.7086033129076,73467.17087419187,50548.24394083465,149528.02576620266,64038.167524426
2,103909.29615248885,13583.047056709895,200764.61901551436,175422.42210302193,181240.127368526,167397.15676319276,137919.41788751038,27812.688891123587,205813.64365563844,70131.74761540796
3,176280.9300317144,95407.97160769673,101682.66906412647,175369.78280609712,137266.59150161935,140718.94309544962,171424.60914342097,103321.78829864423,81089.73535386709,197189.19422150828
4,230153.00111140817,139815.90788591644,206128.91974688714,234879.18161288355,166205.74827575422,141845.3614802983,141900.8725780404,99623.20488959648,225282.43888839532,151132.17078747592
5,228578.355687902,81435.15639020855,155152.28972051275,36618.176124093814,70114.56860220527,103310.38544476428,61938.73655186762,88188.32651304077,89786.12758867885,288975.1635167431
6,188750.31568671518,71129.23414169136,179230.70364565385,129751.19744690885,33557.48378484202,68228.06353906718,88085.63895805998,72950.25540825335,98033.93933097602,130856.07799070519
7,119082.34003612779,124032.68456284533,205174.63724298144,108540.38904461653,303397.21287378244,46522.823037711256,156221.6802900809,86757.80997346614,170362.89005539994,201669.58008742105
8,199427.01236038422,31782.920166044103,57575.99460835848,98868.1212115057,86401.34698233653,237537.17396993414,122050.15400660445,102492.62679622488,194084.47440101058,235138.1068947356
9,238247.39270491523,142129.27719832133,201418.91318393685,194467.4555787093,104484.25969881112,41469.39072225241,65660.45564749477,138055.16154421118,195532.7461988529,185240.27467881746
10,77137.66456158452,94363.03738278436,110484.91959404742,106039.85861323612,50247.83002001935,26652.68943522081,66965.494620258,92954.82401113599,79486.9880610856,98395.05410193662
11,78518.63319731236,76898.13545903172,91669.80886761578,66120.04784590624,184454.24702261522,129831.56847171218,112216.41978431349,97765.53809138684,140813.7475044728,74344.27656287726
12,137629.07452613328,132116.0633153246,70653.53170172093,134206.47491672577,130959.8718047415,90352.40204831296,65598.00807697515,113777.59517543887,65942.03057856465,104983.92574890718
13,126677.06861364818,129037.36938595252,129393.32249453037,353507.39487040794,96827.48083686271,81279.57197126377,105472.49624954864,57986.85070548136,35944.17715785189,81522.18280206768
14,93114.8745150117,152198.76471155652,89386.73877850658,84178.6911939784,45876.94954513846,86109.62076074725,208688.79095034607,50039.43101745804,95126.30350808683,97013.11216675586
15,199142.52695673992,238216.17158908758,181282.08958516037,94802.97488424569,298701.3726161376,206029.55639935346,132513.4393975775,127983.71731513768,51854.741167303815,93539.23916512718
16,310790.87987939373,45240.579963706805,190196.91785490044,86675.83673901505,167143.6248652203,181084.51673501713,201235.33700098368,79328.63786242249,110108.59185653899,96264.303302508
17,174596.27591374048,17982.815763102288,62112.13808600644,286741.0468419892,108105.78653706025,88805.55662220463,103795.53759755315,93585.32208244217,100544.69415313823,29098.582521841436
18,153999.24875313402,328969.9281281746,107719.4270939122,79297.69126161699,59426.892226454744,184178.4109355973,91646.93060409532,153158.15106018397,103478.03799237894,113451.89209629079
19,122081.48044826339,19710.321975309136,108317.08318411297,44235.03907733719,87977.57813480438,25455.792540414826,157205.21366043147,19508.52455380311,321405.10690324986,217018.0965064249
20,85303.76602620851,79401.16763261284,149622.0354039422,138682.1162695327,76557.00008046797,121755.9736289541,93070.54963878126,54351.950612024055,164959.9565908975,202088.0416538056
21,60838.61946453875,103936.67107980612,89738.0471241515,125972.30816899729,73927.51370383719,71111.48388842688,128801.93162588704,252687.2284272218,157194.3541207059,250249.46704498283
22,52805.64552356997,198173.36718181102,181018.5345900331,20301.611470690274,161524.21747181588,112377.95608727571,121590.28931886997,45929.06370037172,189550.6357008989,132651.02765943122
23,114585.93210663807,207017.4328236408,116375.43817014803,134771.41399615334,116675.99945518606,34364.65261867703,193131.2703201462,141801.79357777853,269164.46947988705,58446.80900940882
24,73036.49124709157,120080.28678965394,260310.20174780485,55895.49799784403,42379.17692331659,164626.16888503815,231098.9771192958,57396.87212722077,222217.90690276824,131254.12922637424
25,71049.25257917543,176307.45642473185,262893.73151298345,104697.89470281216,188848.1686597347,88944.58408159642,99458.82507019273,62307.5456937394,29059.111379708,162325.50310582508
26,98765.14733602185,164133.918415768,36380.1879449992,109198.29368362739,94890.51979610186,8110.067691467809,89029.5413134713,175561.8934693356,152982.87474536785,123764.88471975714
27,184499.48565370156,70359.2955498869,217564.89702374837,111407.74547894027,147777.3070996394,3953.9725664972707,55861.78841914309,132722.8589203776,198940.08858677573,67573.56540969954
28,201404.62380792983,109271.34703556949,60061.071604916026,63637.92217008098,108778.20416035129,70287.31807084433,123804.35194857321,107599.66404216955,64793.293357439485,39219.952859564
29,238680.7204597051,154304.79496681024,200219.8869128155,198488.4348712164,184430.4278870947,98603.03660238857,126419.00824032287,94145.9953680094,228192.32920281237,79602.41916881973
30,127601.18202592629,188691.77199748054,40346.33147685564,160667.89710053697,55989.10401624934,104074.52994382815,34074.84758613731,158440.6242616024,137916.32493219187,114660.27662270637
31,145959.37438196634,106235.34132683562,80568.92876499752,76875.78855162779,102676.76151322703,75268.13388492158,186096.60538243724,27703.905705503577,94664.71351751343,54522.74368518109
32,35282.01647241703,72018.28697833196,129693.2293069545,122535.19282215918,66379.39920068112,72283.35650042228,249331.0633333562,107582.47544945752,235031.60629463146,99773.09225701628
33,20815.20360780732,114678.21235458482,105570.44200000547,143984.2349628209,81134.70292462205,130130.1794567227,118296.20102807641,148722.0374839999,144754.8795363385,143045.57000326883
34,123132.08872591454,123498.43191845102,209553.1807118611,166577.1606327485,121990.8541392361,101947.44224743446,115580.14990594317,72721.07957221074,26382.26151638891,183253.80646392985
35,42017.95251404514,14410.692992907632,220826.74975287457,118640.54972670163,67970.23052923757,20124.937635029448,130368.43974110037,113331.88985157727,129849.56685709253,242977.29390408238
36,124151.10617009223,22056.096893759586,100474.54836598551,159535.9755424462,117221.28982204369,118780.13673138335,79893.5518940492,214941.84181377728,65460.46310444061,40792.234935333385
37,193908.03083484765,129849.65561594011,152806.76226915215,247847.75943743176,195878.1453108825,130252.51811827968,158567.95416561404,345180.90459279384,233397.10775180827,281997.3913322684
38,233376.63553349485,60119.900043245834,149581.81780204133,55287.883001877766,108832.44983556848,76236.13231406118,91767.95013300082,49383.66384118561,84169.734839463,3998.8324793150073
39,32774.49333473744,271729.0475618389,136932.68641336344,219157.37790594087,248610.85889627592,54456.17929562883,201451.20432269183,40536.7309731217,73588.50945203323,234078.58212496166
40,179873.83730414553,248051.05294798204,74694.40155009656,85080.57065175884,99367.48772584877,198234.52719405125,81058.92588274067,91576.92170784292,182891.57612367327,240439.97584108912
41,103689.328779416,186889.5034789461,59016.213792480805,95107.6766063742,50901.50076965173,117276.2139282229,66150.3214021249,64074.33516696414,68451.1979315046,189700.99039552073
42,101714.00982652379,119228.17955488013,153639.26593950583,133042.40832396396,122001.71577208216,195776.09143347782,39908.77393515783,189780.95493806538,104808.73504902993,162241.27413805816
43,197202.11969126586,90523.15615025509,97447.33130984334,101259.6771589849,168320.17085441123,70322.6942898583,96283.086410661,174814.85594534295,145750.01943065602,275183.9494563848
44,267281.998963407,66059.23614088575,148254.73556506584,104757.274039997,184787.7384389739,43898.94022050876,86620.67649934477,215545.4895603369,125962.43588851985,158041.54027799878
45,74030.89322580735,211740.945397154,40134.58647858333,195103.14530667485,135878.3618698058,144231.71852777546,126564.64746283977,98484.92235651499,36433.27947798399,75547.90815455024
46,237493.0805170082,115050.7454394938,165660.96926876358,98851.26955680743,69734.89078970367,20037.676989829346,83975.64101405982,150457.78281909725,122554.06969335102,119138.70236618078
47,90940.46978262365,89172.02287687568,212612.62262229357,69834.00667651677,194419.52621071044,142917.38993180034,185108.239429584,75334.0874447206,163036.3003030121,50825.9179819757
48,181691.426767556,61627.032233011625,100901.60603729935,79757.77038119451,242234.97465658103,86335.73978253611,101469.54328876486,76164.85791022461,279512.0455226428,23706.448390350568
49,119086.70683823421,82416.50301069698,100386.09378463025,55911.02848918247,179286.79047025632,113797.34125887415,226250.10330956167,50952.74079842097,30255.89342116096,313193.22596466733
50,163618.39787988775,194656.848991109,109658.29119023115,257710.65858654474,212733.1183025099,178328.28426234436,184502.0664797966,167623.45268741366,131456.8387492921,87512.46030654163
51,73284.39493254731,182699.8231424808,39222.92992403077,167413.9526742607,50609.614128804744,195393.78186071615,64768.47242814625,66482.41385250636,170714.21480584066,139728.7147598095
52,276094.83303026593,93534.9916409153,258374.11243559455,48507.12095261056,47823.24422162493,84089.02863567058,160035.06365557518,188462.76084348498,119826.89255511841,64538.93299508421
53,79541.76039239793,34215.8491636167,152905.9595056677,27118.988856539185,84855.62513139473,51667.8364955802,146838.51882844418,87841.79372146331,188797.5614232299,107753.2017047034
54,51564.29405466624,112355.7621210338,150342.9685169243,220863.86781904753,114892.75714964274,71197.27235154047,101642.53357275255,136208.02084302832,135275.2788644201,159545.73569040484
55,38517.19935327515,136724.69376510565,198918.46800690773,61438.13916052966,167780.4342879009,328984.7466363606,51062.12472558554,75277.31695827858,104284.11267092367,228443.89768961913
56,127243.77476457934,187418.50598206217,272274.8967266302,80076.40742388729,176773.68077644825,169448.46147809667,43318.40072070964,123464.55947741143,188680.68402619986,181197.04910321283
57,127949.25520042542,74972.01968248562,267090.8330385521,124358.48226130963,85862.21665940766,106008.08535970788,26262.259315003004,138687.74517603742,216284.18177573016,265613.55574890727
58,88121.08338521593,87926.9016911543,124541.78623267399,81860.62252635392,56800.93478926716,27172.465279871132,206251.14292715926,194411.22046478052,163899.98974950984,152258.86110589915
59,63624.87863353334,23394.67562148076,95655.18354163703,302946.2304580689,125917.2561272448,137817.2672591949,146156.00152573452,223145.67840970305,75395.68338436441,117087.18099396708
60,110414.14898761219,48620.457118214974,159642.60686156023,124607.30932493253,185866.47404512388,127147.34976186437,135071.99283181241,105350.92467919874,83500.72109183206,32111.80351316341
61,59983.55318462978,145770.09391427194,157623.63964294258,29226.08830078332,123897.48899503144,31752.376095242813,210074.72624429277,156378.4515340427,111089.65572026912,227229.8357051988
62,114497.90525239195,155704.95332232927,139517.0627365518,136526.26466589363,145985.19812417447,117402.75039176199,162830.9915051311,118425.90024030922,146064.2292045446,75847.17689132632
63,87718.4900292318,143900.47407544608,58451.4790529695,185269.90715880616,92793.08441202501,24411.910930050675,140214.99784411155,114427.13486805628,149258.48336544307,70914.20844341148
64,65890.42426690579,56277.601101714936,88931.2823144645,96203.23102692812,147134.47253977734,48181.065114211386,234952.10739972212,89309.43126709171,22706.66537102286,107681.53775616697
65,124680.90780137331,48311.222847711906,69156.18958052639,141997.36704122275,153921.6290830122,79875.9250398824,214103.20450217783,77819.72714354926,109411.56881717884,93593.50080008617
66,138573.38649680594,85304.44852232056,26986.945922050658,31156.67759890231,81357.39519924852,92399.45098289468,152959.88007036448,86281.95764136425,116189.76760099977,192186.1942512033
67,116939.69778564581,137234.24550938886,49311.39544767116,103515.50954274047,106642.63826531825,175689.3031017543,14392.815216622126,118417.67964593454,134755.99566707277,121363.19824373354
68,97297.79011746611,58469.64685192423,119434.88366224754,246573.44841511926,137786.44945424295,157183.3971079704,140721.60005063293,177618.08288911186,67700.57182248417,146548.00705670821
69,159017.6146288223,193679.81485279795,86388.56583238764,147682.68476456267,131681.40305018274,237946.7047810533,38909.190756017844,149845.0474392473,60934.320543259666,135924.4779398926
70,90426.25779101111,69584.04294894419,122148.82283391544,147075.9942664459,26420.881639044877,160958.34498357397,106927.90004873229,62568.06201131978,280039.9957076283,163780.61789223232
71,58869.08279976147,26847.165681750335,110732.30943199867,123117.18007112737,117350.45111396156,86815.06515735529,144099.2729890326,49657.106072507464,18101.27969464564,219355.37055581599
72,97567.12663012245,137239.39100102647,226993.7612036318,79568.93667366006,57755.694187222085,54635.37105073174,92991.56764654719,90303.69518574282,64685.81099306418,145521.1225969418
73,140390.23383437586,76285.56854900449,46108.94095596944,141725.07116942495,58494.90441696627,43277.87369095687,178683.35951893093,93350.6594949258,96082.74583058499,257825.0164373432
74,189533.5615463637,161361.38489439277,204729.25437327023,86898.50962022727,12154.164935996288,110253.4333868435,18495.248334495092,69644.58022156898,115019.29329669698,359839.69931194506
75,287794.8673641792,208797.1983847678,158307.6649128673,83324.34293621691,28924.43071666537,126756.653484975,127609.82403665406,169302.66646180046,52860.02349551543,109904.3895739781
76,130933.44942361672,170243.510367365,109207.1893008891,60112.53022895982,19305.699569950717,203660.92890366257,106017.18097700244,51624.08977157707,195585.46134472705,130310.05561718873
77,45645.11580177914,100441.803136447,8599.201640965724,44942.13238668816,98951.43166208548,68624.78461260293,42935.57282160353,162983.2144787813,138532.0460796196,195916.23715860126
78,185488.84922287773,266945.23695133725,82497.6844428533,241337.80895799643,137337.64035329362,141027.32471095645,168532.09827587148,131140.58647491984,62704.40448196587,97611.8759735002
79,177419.7281078402,144923.0541487127,60175.73106581856,116777.12317434048,333673.11814076506,201229.12834033128,116602.73427257,98643.89883698005,45087.85865888414,132803.35256993136
80,101696.5232975984,91046.20073655416,136114.38955291413,130175.81096597642,78067.98938672575,80333.82227436671,141500.85839284104,105297.09739679922,110637.98165167455,248420.44597413338
81,257315.73434772162,131196.79483025172,130020.39671015786,61730.82768000688,180207.26708696925,167603.412008957,15998.846488972624,51383.13528512382,189023.11756122124,99828.49192411448
82,126222.0994768938,206801.56590758084,54636.79250126926,126513.37156934362,224694.45369215205,194878.35613151683,146610.9447588604,19632.67535520344,55874.402289467085,45115.93207708359
83,146009.2428006219,173317.6830312707,49242.20341605708,130561.1028851283,207940.69161229662,212576.08143528356,164829.44234903489,68293.14481766826,143126.7803364505,94182.76561630485
84,43837.90658812583,183309.1401283744,180086.763803913,105407.03823282749,36332.21130354827,44202.367613734794,99196.80962250612,41008.998548225645,124994.54471053566,72157.26143555032
85,98635.06444342794,60526.84121294857,95798.51489458828,12275.24398224293,130154.34502534503,7962.6114513754255,21210.001680200992,53958.31343000058,44940.32346338586,112528.85680774135
86,95828.8509688231,174210.01306574704,46737.50487977851,248576.00920177347,101472.01531063502,283206.4365388199,81978.33744281363,294583.98756719317,46128.39200711876,93696.6188132128
87,271624.7527350504,161478.2689719047,213908.01596563644,82852.73021824376,27422.226190707723,115843.64039895748,122997.14284889579,68407.98550082278,161202.28953858154,45506.72012471911
88,49306.66429666869,90472.65556718496,77971.4764590168,126655.77503580617,130847.73558154401,77023.21315213888,155746.02288165517,163238.27529331564,61655.42254618715,207791.58709986057
89,94954.81655374251,72340.42703985849,156648.4937231004,81274.86031749891,69057.95272789766,226603.14574348019,94203.7347436113,24585.88465522457,92700.87400518621,216487.65883197656
90,141535.6855085778,79203.4923812134,156124.00384121918,63445.17730698441,99551.65707089526,98731.20336722088,253184.2978938658,120902.87773456228,171234.83075287487,111070.76504650043
91,142763.91028032932,140878.2258555527,259566.72798789974,114319.88800042463,146249.3643818418,64292.446373581624,231830.5806245536,164540.37372084998,115865.82707929857,91180.5915572328
92,63295.57644231339,41005.276043261496,47889.639494408984,185466.02605017845,115969.86790193118,93246.41042740454,70021.03002549663,205596.9580795775,216331.2086522299,11461.788372702447
93,78786.9788204773,75140.72960933903,118047.00101382089,229547.11616986446,79039.25877183533,82829.2073176961,122451.5013946139,173005.39497563985,74619.88776897965,115789.90962999203
94,142060.93154247297,15382.950404868481,44429.586353946266,150165.13298618412,137929.8044919688,26646.101297584948,109778.76628001426,22883.325502312662,198511.38368795623,137093.01887357395
95,117826.6372108873,52361.41316055372,253514.66498118162,118540.26084570271,112435.5641583921,46631.85260949604,137175.32821539725,99095.12530254727,38746.21766282121,109791.97083682782
96,90885.13435706029,183085.25087798986,95869.41399748197,172124.4056878281,319295.49066340935,124505.92159598555,195159.02852104508,104694.43242130961,64865.31139147162,16148.306731131113
97,123030.01680048919,127193.60445024753,215111.6422886881,93318.93431755547,141260.7182046799,160294.40511522646,345209.09045886225,89354.58331662024,206097.8508613832,133364.60819162495
98,259069.0394658751,165182.16013184158,60775.01709206839,89348.65153302031,47461.12340862163,79120.07738870905,224518.3503781181,108281.70073808951,291917.2492393491,99081.39652513097
99,12033.971760904182,199078.01627794845,30558.510152704654,247530.80849171212,217332.51632944494,110631.31262946704,48624.54122896,162808.18577924572,288893.1209709502,32558.79922780208
100,192537.5965842422,52661.96057709228,111737.14566266796,48267.00126573784,109125.67793432258,221932.01451835697,50524.065247761115,54346.04452087887,152574.09801468469,62251.97652378658
101,29718.769367506568,135205.52634717134,96809.8292889648,124749.98404006091,72791.2499906853,205091.106708794,133089.89147832707,158349.88113856575,205233.15528417393,181324.33514274235
102,240305.25791593437,149514.54421543516,155650.70590861546,102052.05062013479,217389.8716550986,168363.77888674868,70164.50131129232,187170.65418021294,83517.15902741748,116398.54820767078
103,159027.2882569519,198037.62702165867,296247.64602283697,177493.96636063044,38059.358952856834,102371.84671717815,59869.5179065226,52169.4731644823,77639.32111236251,78095.42507536104
104,175868.4201524819,166617.96933363797,163884.99081522337,110664.01834663552,172528.23689470568,147270.18825762763,137254.80432822186,151078.7518864757,88614.62100930081,164655.04080218228
105,337183.2323317286,150819.15675798318,174001.38489452383,192073.44411513445,216468.36144461055,70605.61429526852,106506.52530564694,115568.71122724135,137998.8429472461,242508.3571864215
106,137644.44954536864,168903.61788274194,174675.78049910962,140880.26650049974,209167.3836558629,208985.9364756652,152823.93978729748,180944.6833520213,133586.0136096164,51125.52941674824
107,138201.3182415183,55814.06743079528,198310.5163811426,68422.85998644018,170962.91688528954,295757.5361067711,166787.27942744436,120017.35855118417,132612.95914550647,53986.90557710407
108,42602.83406890846,303854.6138123557,147208.70270716186,110735.0165928583,127138.28047131198,85107.12935526925,60228.97630615966,102039.62658881639,93141.42331383082,201064.84715756885
109,96159.0081776385,37578.866153725634,189907.12748007115,87652.54944828233,183893.03899610467,159140.84387590276,48460.40549528832,77677.34956154694,144785.0902584017,100865.68545668022
110,49236.77795765937,32177.730147353686,74042.21617568813,103573.77214544016,316091.76717505086,232721.28213762812,239650.8755191951,63892.15514413035,61264.7516580283,191812.22131872238
111,127268.30565783313,60274.44078406031,40864.69334914683,49897.95239791358,105089.2438738318,166977.18610566872,61554.740215620004,18423.038942148516,103906.75310369222,127730.26935866245
112,171714.3041917967,214868.57459071215,33370.62137693928,146151.82575362537,123313.03442556683,131065.26876971102,63031.27826469974,9528.494092949632,107992.09094500908,103708.46362394569
113,165080.35403317265,106564.99906066436,42165.239045049064,86972.94347435888,143852.11887522155,158967.89713349377,66943.51725164313,27625.55295687671,116514.27372994083,88621.13881161116
114,96595.55605354172,193829.93280080677,117600.75729339567,121200.82549698594,138830.01277495013,131616.35861492768,37895.55264792476,188016.96906528165,219435.73413850172,102641.49051830718
115,237682.97897386114,206175.48170416165,113574.75485230958,245019.0544956395,49936.702438956476,78932.53491385217,95995.95871921227,51993.52904575807,214319.3843529338,63365.63743858248
116,244292.90264118358,238595.02860416862,57134.925783449966,285855.05793569965,38141.03381468113,122744.57827799118,107771.17671283903,49410.480993972684,180523.09032791742,79539.3296167988
117,154259.62962681823,22822.363227474678,204452.78439402612,140991.7212795279,134234.52793892688,129429.9019731224,139354.67874972383,82687.06526341004,55870.85057861784,129540.27643468154
118,44821.70682092472,159138.55059139614,277450.81696846767,130651.81839302302,101883.97313313812,111040.13218322601,102453.50187807712,63090.500857511,88950.87408750861,132033.161007877
119,188581.43381752592,128725.8266322348,247525.6705889313,101796.37423172234,152620.70468700305,191687.99651305098,164376.42878876743,101006.04386585871,80394.77194372492,88727.0451471115
120,37396.37312309084,181150.405132033,221963.91288639302,93166.39359846563,21831.23147326653,235128.11477395444,191001.657153726,81375.88186560049,101717.62713447973,30847.213487624136
121,107136.68994239785,81195.14369958664,160987.6411988241,158323.63854420936,179592.2693470009,9179.938534308261,124368.0112275199,79160.16373448592,94721.2779245146,103161.00797993633
122,118274.05094520337,78567.57499889619,205647.96771967856,192928.8124467237,60720.50658474604,233839.9575093382,235604.73957482612,208447.2678580471,116503.57444965934,98679.854658759
123,151725.30343099253,76052.06895991237,26144.50075656952,135525.4662710193,202127.296632423,80732.23930089224,150301.8676469137,89381.28214319868,123266.88046354978,46130.84934923663
124,119569.95788437374,101818.15723025487,232660.44927874775,43373.160820516096,269002.5808708127,62544.678829206154,194582.01261443866,183137.21131673097,147453.09062475825,72378.50157823943
125,92265.13438014228,67838.49188021505,190803.80021927305,35800.76716185223,241036.9366089425,93627.11075072744,41327.336092792335,184381.805497962,70644.6563429004,88259.3613412003
126,136309.21843714858,187856.80643989713,233051.88011267644,106861.4514627536,19416.715237321165,94147.84363021597,215531.70351819636,197799.3742426073,115143.30784200992,71309.75552326789
127,131339.37760122793,124073.27889587879,196695.5659242492,148404.94267402863,184296.41535070242,7625.979968042107,167299.84412210446,160558.7502321691,102881.5049232142,25464.54657182866
128,186621.69193595246,218602.77463845647,121526.97349547774,84708.26096575717,98242.28600702119,223717.74127960252,57030.49809338675,162918.38623150927,45820.028295756085,108893.69124154186
129,249708.3388178012,35857.33291457676,144046.0231689174,58806.7880491256,196473.16132104164,93031.99828973926,47143.685131372535,102364.74046839893,103186.36641123118,141614.55749150866
130,17184.175157674363,302025.88631376857,57400.80230408524,193809.57267396073,127221.73772064284,127374.64222316544,41331.1560725292,125463.52259143972,73516.68869871572,361042.6862350215
131,164900.11680216296,123362.17175348623,89860.31796140656,114527.46499206084,127208.11476897655,122185.11004372867,86403.7001169853,151504.03188082503,86425.45098517789,102308.6698070502
132,77073.44803179818,202197.95238015483,64510.00784199748,243637.0257247656,102597.54172534792,71537.99452607278,82195.783299172,162547.41946547665,114710.79416613988,45068.00921670631
133,119099.12882060082,105914.65446074045,204102.0106271813,70108.84621302375,217112.20110477848,244517.3413112022,72398.83963696676,123237.56690510084,39029.36618306857,87452.5351336073
134,93873.61413115097,135071.33328274297,50434.092255695556,98857.36893635806,78780.35213543187,223741.71739521762,10262.60575177232,22898.199547167158,186065.2695998765,42499.254212357955
135,176648.06326844348,28467.462582405897,43575.582300863454,169033.02078041842,210639.81771110816,63842.06656704857,112784.60963499447,166483.93862679202,137818.96121629773,115784.20919353672
136,172779.085670339,20766.97557496639,166048.8126626047,32205.67873689245,218224.85365955275,30904.595006002404,119751.3811389792,80410.47354564458,40395.769122017795,52341.688912024765
137,38125.13917314066,71073.86796367825,111160.01055119012,89171.15221978012,120460.43286130192,242180.2002328162,125266.84943674384,73791.65942190256,170768.6012231393,95070.03832988116
138,154826.0078402869,93285.28954227737,39481.57034643782,69047.11179159272,170340.04331651336,75108.54865245285,45823.52958989914,152397.568123922,134789.89585907076,75811.07338147216
139,157981.9966083854,131490.48294270667,122917.83964435496,55515.90737883481,59316.90297754078,79212.385629377,154663.86535583806,59084.473504280075,78752.81853709217,163600.37320120636
140,51325.55190207841,31755.34071642023,139158.82397502754,219057.9658046317,256235.8358043735,76242.8199989639,162360.56460724177,54201.42726807804,49140.68957428477,92649.71129318734
141,233875.46514014035,106222.53981062143,137521.960783066,93380.37767428602,109189.72977437438,65712.87723305661,25924.963132685596,76873.87070535567,33495.89847755094,27791.334730488416
142,136382.08343604003,187397.94439567882,72275.86757512971,185304.81472482323,106651.33248394259,188776.91393257416,137032.6998384339,41019.451751453715,150737.68881465564,93386.81055022596
143,155904.9363631054,106758.66521993722,135401.17033253695,173533.76232004518,116350.75851364063,60277.7495375713,195355.75051641467,116378.34981195169,236439.9799159015,12833.686015335818
144,155433.6406716966,99397.85861305892,29295.170763428472,84856.13914085831,108716.90590877128,84716.43254436937,60411.428156821195,151358.05138565,36283.45036557538,41715.75297393586
145,64045.0887096909,98987.53298838889,87870.95862246944,141095.46638890624,115840.01840254868,45877.22298446885,142942.59505162694,109093.2300194167,73988.22591152554,134890.5252353991
146,54312.12135289358,195696.08574648085,156647.22173011999,114473.15705080268,86006.63746805704,301655.2850593919,70805.9375460036,99636.14162211998,218799.65508972856,77861.61505652005
147,142371.1907483098,65021.5428761775,49074.083481306145,128939.3286215195,149703.88937471618,41588.36113312738,41127.77982689921,88557.41543101729,61983.65592799616,178270.45012881194
148,179495.8620786383,231474.8754378533,240002.79577360876,105140.69501414709,127807.65337715021,171583.31811151135,202127.9493064855,165057.365953633,13915.213756046893,192676.278848198
149,128024.51494669737,136011.00613297767,179362.40677835117,54451.43070486701,139627.82682997585,97908.07527651382,110278.7355092516,135944.76659159682,94886.53551985376,126894.42611492722
150,32057.48635918506,49881.79467353633,180824.89420729628,51965.8711254563,98741.26430611347,188479.56144311823,220335.07811166663,57691.48874721268,105690.95312622796,74116.73538800783
151,27497.563425536315,58473.06825218322,115948.09370663909,81857.05316093573,240483.64830662144,135935.227801664,50141.48560485381,157341.42720569266,155643.40813827905,135001.33508088917
152,41795.334806836574,78730.91617442251,170776.92477682736,134563.6697226405,131329.9486411755,137909.26584898354,131117.85293432462,111088.01778811912,40620.393228104265,155708.25874392915
153,80257.18399178777,71395.0432785214,113024.80333347915,114417.25593419117,121875.00488024551,128492.84519751676,102598.60540314027,99700.23911378728,126211.7915664875,209109.28076682123
154,132331.18534979902,135446.86206173187,143935.24413702628,58559.058097247274,74425.18937271545,34902.0938182785,136453.11729882017,51271.78625305916,110978.7928429467,62397.485509353355
155,157689.02101542987,106960.56241033674,44970.33324345926,118701.48587009106,145820.0573051541,283950.3070449229,54840.771185926875,35708.04276501612,70476.62437354133,84087.86646556975
156,141667.83942480257,42118.22358314671,104732.64452737432,236844.31132979135,200587.2113815517,101987.1440032312,54066.43105096264,74125.36049579637,76007.93425730692,161313.33336264614
157,159924.73855271318,180238.14115082624,235016.8860566798,71770.3948689858,54987.18735673796,26339.891545048642,267101.0947081016,184331.0677874736,174741.4113562225,225376.43524953132
158,125407.68253908175,133261.00346821378,313327.2751154567,172263.856630809,107623.21495638232,200259.31975336632,147462.11344244148,145900.67217156562,25194.79017805302,144097.16798773335
159,83891.40516497415,203336.94870179662,142160.41301730115,96944.8724444386,122532.0685675561,102162.31566840957,116043.89314135081,22195.143469165538,42366.53310586358,196275.7432741145
160,168577.01418451243,125090.00601699969,107352.14606686763,44532.54752346657,82585.172973742,68610.50946869492,96355.16005066731,162624.58078956316,36951.78531754552,38546.359348695
161,129466.32617338549,147470.94077186973,110400.73598397762,84057.79246469386,241761.29839040356,258335.84690691825,22958.08353295323,265875.8218706401,90319.56426001809,67410.31332348534
162,137087.88188200118,106729.97215527436,110550.8461715103,124771.9205473445,59498.33640424074,149562.26109222232,133938.24436318138,64944.914565298226,173258.6506483912,60141.23629008826
163,283247.23738925677,119630.85733663247,105856.12296041171,92961.32924506078,228283.83093468047,100562.06262379489,87695.15259676425,103361.47641841436,142529.0268346257,136458.3936312752
164,84000.60996876632,103285.98464438945,173447.06455979237,58088.30320949186,84488.39846011472,126330.97085423069,54158.059692158364,144367.6897948068,67265.99945248288,82589.89927958992
165,52758.26479813897,133563.13481325735,226362.8879798466,85558.98388784018,134158.54418369822,75221.64456166545,125174.90849892599,141373.22589954443,22796.288972581508,64782.70701337726
166,148008.76065193905,158618.59461536477,150304.68745035763,136091.57643002085,126913.75592215174,55873.162051280255,119058.90739494376,98835.36856169556,187436.79981208657,156137.59051876274
167,72914.24491225055,300329.7737876567,103004.14488877293,149006.42814943442,138770.64430210102,103643.30357922812,116363.885036148,104115.46213513694,110153.3604722142,212359.10135661342
168,79486.40315270956,56647.58698181806,39228.046355600665,107172.302803131,210383.97821184844,255036.549628388,190516.38694997484,105181.28248020906,94613.81879147654,139734.15514165963
169,23472.627147035804,100034.23726730657,189946.5797638358,183289.84713915607,154009.73575776676,108388.85414093849,128413.57454820389,166262.38155690147,174528.74524705214,51029.13390088724
170,49796.89632174861,77157.07048852804,76231.86216217611,144980.3991726976,107186.90984182176,42490.3762125647,54481.897355119174,105960.74552260383,107673.11602825002,69656.78957513686
171,157340.1630366251,183234.12587516307,194905.45749264694,26679.11779796608,188291.5473906122,114530.76745950163,120238.75095828956,61986.83395823609,81182.40092109243,113490.2910972063
172,188834.17933108183,121170.69911244726,170636.50371560294,120841.35261158613,146160.45468542588,29236.326431099304,77683.14452130144,108287.72155874546,41420.47862687611,43073.87567549302
173,318627.7329686861,34903.05648965541,117786.16997530633,249902.3751779218,136174.0070340477,102353.11157272612,71396.38006596446,155935.44554062292,93690.00676164923,81143.81516772186
174,57813.39116496112,69236.31630549423,139531.88532513633,141173.16594048607,160627.25376887896,242003.11067333413,98349.6318144722,42087.533962674075,55584.74429403762,138399.9886148142
175,69115.40166476062,115088.91075350018,138854.23016751476,159034.457352325,160073.23153463367,207002.8368359254,206590.64915828308,70615.02171279033,90944.68045406643,52776.885702501466
176,259034.61637664077,222986.2409826951,222837.29552848285,30577.994214323113,165164.739430295,196980.63883508285,102870.98866131442,76707.2971375084,88286.97091930227,168041.13104614493
177,16301.75006013285,94312.89116508451,87927.68100766082,157570.25980403915,82127.53542801074,92630.85315766679,141832.1358846052,299398.87560858147,154754.673754319,109542.1919634582
178,28246.78710272851,207305.56504464545,100959.02969559033,21539.350298016772,175745.12364535392,133678.96559384314,63872.33446683008,173496.14546114468,208610.52758933321,150462.73627448265
179,159478.89200167556,192393.93530883445,106707.47269659936,103887.52409585594,127851.65497351535,46014.82409521426,54149.74474026479,87229.53631589585,20263.248936811488,9727.258979877548
180,116710.44177288811,225617.01982847674,103461.46959592201,202122.1357346307,44368.14496720725,113273.22526839447,100463.41755376795,50825.673853752895,135040.31643626693,26964.044671650187
181,172962.20107383106,84075.96297219426,130772.38471856284,143877.37516928115,92758.79400230818,183004.4185991329,91207.74339688192,28408.844653498185,128854.75759991485,83008.89344522169
182,137252.968973002,124998.03704058786,113022.22791478301,221359.513121486,55875.86974982033,43576.10723953748,93690.19471618909,75925.831476136,119206.60144323678,119705.16791228384
183,175589.98922287318,90990.6271718796,38074.80080419837,56213.77492534553,121424.97752896683,115091.21402088208,179691.029935071,88145.36788569675,101937.68789825407,91038.32154618533
184,194002.21751237474,69084.05524616734,107516.49731747949,82487.83802915737,22166.8554755215,156994.23530536913,214762.04779044882,100540.27855976153,100369.52716774138,73955.40493625263
185,149655.89650669927,90757.35690336961,198892.15033058592,172324.92312823122,176857.49026412316,128099.57339572761,75371.0188809005,135542.843230476,142242.91151172525,57754.999072121966
186,46998.638250329444,47869.81688306959,158763.43871056053,205048.0239909555,10656.138022504414,53287.0898486718,111633.43391539257,104095.56922704783,168679.1625919565,29615.530651163033
187,181556.64138358118,88931.05151578916,151928.91925502097,236869.4217247137,188843.15134887828,77151.34027774165,152300.79491367075,103922.52515092425,256984.95061952123,97016.2570933286
188,178719.93719207082,42253.8115414678,115895.09730006378,100477.0810732287,76375.4585212422,237669.03317258763,182297.91644042006,269023.81008922355,152979.05865549957,100314.17430646648
189,248745.68285015156,163150.035096404,72316.82521681755,157378.42231810302,69602.56089493552,93573.75395009968,153995.17846766263,104382.09849698014,144209.27335946515,89232.10321584175
190,35132.610129519744,221341.14641301616,180215.5179816122,171173.3521942916,180260.42002879988,75389.40822309387,199879.53681507317,100501.69329776145,197029.2108681262,287850.28511999524
191,147358.3574319815,83900.90680410579,62522.83046309363,85173.79670956991,183959.22251830803,76812.69734308969,24074.178785119948,154463.15080165467,89358.3010593998,87374.96130810677
192,134916.36833991326,68631.66321148098,207470.48886845008,43625.5669804673,264586.24803416216,134969.7632107919,112282.05446195036,121010.69556710473,76826.88335796584,172828.8352002339
193,148004.6457085751,119586.73557685618,33844.04675590404,107130.89747719107,47263.883516892456,122759.7657926118,36922.52497906212,129080.89993646475,33730.6418421811,115679.32230156116
194,99906.79704219139,163415.31210040144,278912.6422976156,34081.12352356385,127725.49327001287,102551.50986963934,63848.20593873276,149456.37004118966,319030.66706224385,98394.77146708775
195,79822.7353177723,164317.5708520105,160374.048481597,61868.09991303299,114480.05894455222,192335.13665032107,65194.52895685583,183018.29655011816,68307.47458098344,26127.90613486228
196,79576.05995338687,49544.90945014862,148031.60857180526,179596.14038763667,84246.78510023402,118482.12296687547,63580.63173828021,133401.4817067792,88860.80241787949,101568.82038435538
197,78954.27288332002,5607.563969097836,80707.78519752722,97774.21297573073,71715.0152173618,130747.83598304755,97368.04750247761,123980.56999826798,85714.98040696727,160927.39387149533
198,157165.63622031256,102831.768278847,175201.0544728427,99776.54860348356,116047.88665706181,155812.1795033539,197387.2536532978,140842.7468243817,59498.32985941728,167623.48809561462
199,86341.60828696124,64522.28797805962,107099.45747403454,163351.85237673073,90997.65321978342,49532.55435993574,152111.7677675407,68306.56411515165,223774.57981939922,33155.30547281555
200,41600.93368306278,172315.57999332473,103548.52798796743,141953.60710142966,109775.23824869149,52561.237470431166,84417.29360963566,5044.715665856738,196397.2859070722,151835.3420507379
201,155229.153400798,37837.18492768985,35030.48033668899,31967.099713641892,212681.68429165034,101146.52535107869,140737.92261802036,100553.70159091357,107506.6983971063,161688.4267374023
202,57714.71195522018,248069.95545431523,145441.3991107201,52585.53079584647,159462.0149434064,103273.32501779108,120637.03613969519,99017.79152830126,223819.06605713573,144786.3074957092
203,230547.21119434453,40088.447686196836,230013.66868898328,213504.64890749962,164787.016744409,98975.84382720022,115556.89852074212,33608.08489802023,44548.48957164202,87480.82119551917
204,49876.21261801452,384849.40032841905,121641.49304923958,168611.98809329988,116262.6202843728,23326.41459628698,190073.7499871975,19755.52436408662,140888.992622294,95788.08388741784
205,100956.24301664103,158587.09091007084,92178.08199951625,128118.85410405761,224747.25305329275,197232.41804876417,187347.93009874897,43906.403103255645,196572.01808958637,58320.1618715877
206,151506.49178650277,219307.3515919776,112713.28953260915,222894.23702304467,99152.29436499784,158398.1132282547,84967.22190730284,123870.95179504924,270491.86772534,140402.68818176308
207,189445.73386144455,97019.40119152956,132640.48843884416,86834.55588813905,65620.1271922013,44500.83890037708,103648.8263380677,69823.4989521675,111652.90537224612,140602.24035703987
208,188329.45357476114,175625.50285567355,161375.75186173126,257859.6533013681,85333.53805026138,164616.5407514633,146817.68151300575,74361.65391664236,62694.68303948498,94656.47309739489
209,298932.88531173265,190588.73606337083,59485.69984059312,101359.67224704372,120699.11801570393,184962.59639852188,53961.59714004373,253792.6948477799,96206.7748145514,158088.58622865076
210,58357.9276690792,122363.65746927279,354255.63825578126,50866.97085707562,58163.08734732234,156862.03355387633,116580.70827887824,204891.93977891933,261183.27644403232,176598.81243165463
211,170069.39205738597,149575.37168307207,247103.5739057727,127003.12983340594,206450.08912265694,222906.4493852066,104998.00187999608,61356.994597786754,125241.6264669954,192591.84129075744
212,143567.8917341503,90917.38664561749,39969.54658088278,101302.0410870806,111922.42020302167,89369.7939843681,64256.28100412549,169734.70501495874,14990.873248032434,66708.00680022243
213,78433.16216052658,165131.88820080212,225696.76414395843,192754.03512859857,193954.18444117796,246589.48571422737,99264.56666278804,74753.72866275936,157864.42866181378,175890.51792506737
214,32750.630563897696,131336.32444205487,214502.49457084163,87799.84155641201,65588.13335479872,92767.56013438945,75733.02060488267,87335.75638720657,106220.9098349016,133072.2668206355
215,99393.77782866183,135301.9413257647,186253.42963368123,66263.17974327583,158529.965564839,235413.32983394273,90760.0066571196,138403.21148962085,203145.64120054405,116110.2769592141
216,151297.42770393137,46413.574066237474,55232.57475667887,61097.28069777965,45134.18840776066,77109.69790799875,23131.493692501514,142664.28310965165,34588.72726081141,161687.22271454692
217,343672.6488738267,135558.81485517015,68930.56880494981,91459.6231283116,281930.16821039276,119930.04861489007,20863.169314034152,184655.05068220134,157606.94129546464,65804.53428427594
218,163977.25110385506,47778.5956076941,40445.13155009358,224814.12854945572,38027.267373062,180521.98474630402,115162.85320884986,73293.77164954279,40644.45076093867,107738.07654496212
219,85548.97585722414,121958.44200001193,32971.923312826686,86157.8367857721,52785.7016140505,153319.04567594687,97071.3353082629,257278.4153646741,40195.00341825787,273174.69973327726
220,252431.47597810486,298636.04047702474,37273.17126083285,268415.58996043674,106312.41008353267,171087.3202345249,43232.68410660418,28092.991720651655,89347.69452519843,200289.97405947483
221,117027.86139902774,33548.66978490195,49238.07197545902,179544.95936897708,45937.42658362052,157205.36057736375,70611.35312978471,191827.7391367562,152942.5454805204,128767.37542832374
222,77649.82771965882,13079.865239154382,269832.19261109753,194059.42025820664,64905.69941595789,44621.46027030498,160475.98871602706,184512.86567902775,172896.39273822113,43744.106473322994
223,97914.4267141512,136526.56135708862,137914.90412757255,170443.36779752767,95642.70163087324,122094.48394001505,126840.15162449061,146171.02540275757,38694.265790365025,86053.14307798607
224,79178.11456135701,161625.62552759526,203209.97057387664,59087.86697738337,32326.698791125727,57611.67187163044,177214.5162660148,43437.843793909815,241013.83412955404,127978.49222432863
225,140262.37105287405,70968.90557028238,78404.80940331722,111650.17475809592,136833.85175840798,59593.28510454456,203042.68422012305,47267.677926483695,103954.55856497333,109838.63194079067
226,171497.26408737476,39034.33452066049,139134.2385930331,84737.00815318963,88890.44560918013,98928.34311678402,267344.34222087555,57120.520840146775,179722.26962743222,126972.8390580755
227,145394.36736375454,143387.559260919,224090.85199353023,112729.06788025735,175660.29156168085,175349.11812903776,44996.9098534448,189537.23138583192,96691.75227157718,232988.44344104177
228,172369.4865500087,157991.30580106357,112509.62899257596,45638.97214368694,116185.55966738825,189107.15043352993,58935.28299250369,185895.13543710308,191262.51134537128,239130.63059087016
229,49564.14923939043,73639.90094056113,63340.64140106492,39822.16034037887,380717.1447837755,116366.6859800116,92755.94358129035,44366.32289651376,137386.08630695535,119993.88411256927
230,148426.07532522854,28530.922723693493,131961.8302546722,77063.44459902949,111104.76254151297,132583.37521578535,95282.59622860223,15486.147632093693,141139.52344974567,79580.82368651619
231,174923.62511352482,184525.3676703158,135058.1702052945,83126.27390856344,65628.68920870917,156821.564283728,59686.37869635357,67801.46905552565,111453.10535259722,141195.28407547626
232,174317.04367649322,112757.05741382878,124510.03494774058,175304.28888177447,138272.1647947444,229533.29343748587,146784.56237003935,189987.35452916473,84713.84649790995,23045.776084552057
233,8176.921950154059,188058.069073145,72275.2933492279,152539.1178467462,110417.98980859543,112354.0204426391,150130.63114290684,40424.01057979029,145873.31854183238,84874.22101806321
234,60316.98896773092,65685.87039030365,192665.11843413085,64788.89013883146,76299.58221865386,156517.66052235922,74408.67889842273,185166.83966236204,217836.1794756926,133076.9557837135
235,253304.9757956664,170425.777559892,114191.03440445315,99884.68441799983,285317.84799415077,90943.06484287465,75613.27507368199,51753.51275682864,71243.5466216015,80751.05762375539
236,98218.04308136579,137149.12215311045,200071.32223006766,80898.35758238668,43718.469685525815,83994.1538499619,93276.27293675861,128477.27749534407,166160.65900273368,51915.061913712096
237,114991.23570645245,120082.33982143877,170086.35313073438,91997.37715152596,135397.8241764859,18632.42202048724,136088.26708423503,24560.587940870868,215455.41148629008,80519.16752911874
238,134280.6923881316,176062.57062732542,70088.5785218235,192420.9037485596,56715.100733282976,107420.35633542131,91867.0301390543,41948.303698479926,75365.04268319753,28152.552574041863
239,75879.4065037397,85356.4847374545,176547.17046988264,48083.78738603164,142299.54817130713,87771.17017487061,190996.0768864458,133383.8772623445,59510.83377556107,182133.30590127927
240,46443.80338231345,39554.47338785358,75511.59516698001,97008.51155322923,112453.41008425615,110960.49792083104,210645.85408716247,177135.15751259922,128366.8470923306,133692.2330127845
241,18329.16206266833,233056.4837518588,178821.52588467408,112924.98579721205,137690.14599445142,193862.6687631404,48497.71552360499,39631.224196796706,141316.21328207696,159687.25194310275
242,191857.84488484857,9771.786080817787,197503.72979258472,77120.50364866361,137270.37983714347,132581.7587883222,60298.78046095785,29246.776977579095,250616.29316318186,57402.36391518714
243,12030.892193291716,157640.42253860814,158154.3842254353,79685.05328177987,46488.99972418191,51704.23663954354,31539.10424698547,53180.844712872415,69380.87689569713,121525.62534018952
244,41204.350574860546,159934.83620943115,117581.73739091742,54300.89151355794,93934.90766448213,124939.09848084305,55911.758532865046,31754.769114018065,17886.623105149753,110522.6098530172
245,151456.46863255603,103856.354347985,161433.83767703766,90571.43021603991,206015.71057899835,66751.11156365232,65709.3210199838,12083.432970371963,218759.04106596074,84114.94876211144
246,256153.83282739547,81205.60439333954,124471.37471902487,108262.56255984947,143123.73200784242,142638.26659277242,122510.43578357784,156570.92251785597,232190.45338495736,82264.49965980668
247,174681.42538819695,23151.919637246232,74738.93156360052,131631.7295926016,98576.16729764709,266491.26735461096,33568.418680233604,111065.04202549455,115614.05958095385,136762.41108612178
248,119484.75268201422,271900.8495255947,86367.39778166014,118205.98753069536,55150.938101346226,133867.8354200436,136743.11956204975,152955.30650508983,159318.13289215445,126428.93052265915
249,238473.1840461068,78661.52593960342,39943.530853433585,119299.48532625257,203263.8064865213,177498.76085531648,261481.30182280717,50408.17538633299,97316.08635998968,41968.62162618525
250,119277.09337982206,70578.19021764705,257941.5007001689,244429.47533982937,149966.8184716063,85476.36970685399,155962.71385290567,36700.196743957735,143424.56945635946,153269.89709291077
251,112600.98536063121,187615.18009992933,214037.5225805003,143886.59218574374,37582.77478697341,90507.41838506376,157699.2456750791,97202.91796908816,93364.63234429878,35531.72423547046
252,84069.99825138667,103363.5781947079,216064.5311528084,130289.88255696876,37400.614091294054,78021.82322216553,109521.24447725253,205549.81141566858,45401.04583752487,86685.03630596987
253,219113.26972014454,107956.58916476072,153676.59887853742,133043.1307428985,124601.32496215771,107306.08365756428,117761.5700509243,219638.64778165828,119658.94384649243,86104.76384221282
254,95496.38839919609,246095.9667762321,78766.93727058539,120840.28157345089,90551.05504741488,112514.41011462802,120440.08444243323,10566.741349963651,120947.12155965113,239283.95897817524
255,115720.51547135985,144960.35767929623,133220.49887129408,263340.61491512076,81816.07751349946,197792.55451580675,127489.97655571667,7551.857737650262,147040.69628568477,168588.97274971593
256,102313.9148978012,142757.2929674596,80439.59267505289,140088.91527971168,131849.25572138076,19920.17885337298,176008.33189527763,117902.65810559367,31382.69190199669,318435.3277586526
257,98025.40459670949,102946.64555261149,231451.058927388,56229.71221409343,105047.07198746684,137893.24320999114,10397.946843375845,46301.07448639279,154415.2238722848,181170.9482511183
258,100982.09353119963,214801.4814615802,79059.0296468929,15692.073119428669,177045.6222332617,238022.47926971113,71369.23601765573,66776.37612822076,114359.3818467068,196178.9144498659
259,133410.77353062385,191987.73779306829,100416.47162181635,172794.16788420978,17594.627610385614,100707.36211762599,66091.45394421303,154193.2323285591,156167.90243095433,75820.05675179149
260,96116.65166245397,194447.517087012,104268.67924838245,13916.946418184554,221163.46291548506,167459.09193879832,55943.44170583569,117452.06874621788,142712.82313883226,81579.92250437364
261,130095.67521965753,202808.0194100742,141942.46189392678,62227.55746941362,163299.1487818144,141602.1896331611,77150.06097925594,150540.4129744155,26656.287107724776,82752.10212527182
262,53504.79818882505,55231.61659761555,119107.56804595707,25079.67430120685,157147.03108970984,163650.63749443807,40620.474408662645,61740.4376951721,63827.81323517901,91748.54815680822
263,97650.42628578973,232475.34979940037,84849.66725457495,138653.11136012076,96732.36253847141,167923.54214526093,216387.13178381964,45872.3737069454,133810.1856547075,102617.45740654666
264,145316.39381385286,115092.16657009644,149023.6811966923,196349.63823985605,95971.85703747696,62649.025640938984,160435.70868866198,74378.1557590194,159092.0622697463,112159.72150239372
265,128101.4304780149,113059.00070899319,122485.98560096718,94009.7243952601,286504.44712682324,104742.51550398824,224829.85570431498,113317.32523296865,157690.09068535527,114712.33077098237
266,19617.628901145246,102540.40066780268,99548.92505488764,103463.14677748737,78344.27166078212,114098.58270295135,156121.2994994534,124059.2731125674,106326.05012205076,235281.2070488345
267,146253.62565980115,152554.67169024012,175941.1176633826,145830.02946052968,157450.48463575687,151944.80923182354,74412.8646090987,139550.686241082,107187.12766462885,112393.88127960598
268,83140.6479197576,101181.21556419191,151558.35822516907,56391.66094675857,48426.50444750893,69300.01386553308,99906.59685519761,32066.24381475418,144327.84865508508,154812.29181139005
269,120472.05971390399,167722.12789448476,222542.9753436926,26879.627772020158,179219.2983268872,97781.65289500328,101677.51255355941,44914.23538403079,75261.97533395218,94216.27430836706
270,64638.29457757877,90812.98919112158,137492.13502066492,188466.65937225687,19396.795140227245,79653.90625572242,102866.80729767047,114185.05510794593,40090.750236528926,137143.15221242662
271,25537.274557953428,142559.1294481121,91980.09217860717,136089.79079299406,173203.98532134312,167936.9953947321,57249.4604834464,247592.74319932752,80537.76256800978,135964.60618839762
272,143730.01762064215,105598.14029991541,103404.22036666272,120723.19418875378,31713.52978953681,84831.73538780333,210591.40635934312,214271.55342884277,123137.11158711802,142701.62351586163
273,173064.14467127982,70136.74303936481,61724.15989882607,209295.7352523162,31011.194517149703,107360.63437623026,292465.7663568865,76557.21136515135,98692.9122952015,149766.41675012378
274,121961.41861256072,189356.65568704382,47925.81602997033,141579.09794441974,82295.80257282405,220996.82893163845,59567.9135380237,82742.95365299656,96024.90549173663,205917.7265836475
275,197039.37423118882,144858.1078061432,110989.21473153305,4064.726162097441,161226.43638083892,137799.67228619728,45542.98505701568,158301.38357809768,210714.6645376663,140855.9702977749
276,63162.33422715523,73721.91539904563,74905.83231179269,228734.80491123718,150190.6425163866,121543.31469918432,65624.58240622182,139547.53130022628,151726.35132855715,127203.32604900957
277,98930.23358739354,59900.17446138596,222993.18771572062,210102.21757873343,135630.00778380517,119027.04048512844,67117.427228518,264230.64081549965,100501.50110142335,194070.64811453645
278,225542.7636950859,246278.2822132077,161552.47931428027,69758.8855159115,124599.91169439178,138654.6948436265,102755.75604661477,38158.725418267546,208111.9313663976,125845.3908567341
279,194012.93567358697,53568.67629868537,196908.34713003592,167148.42769798802,205328.3141808459,69487.78422800414,105656.91080696728,292279.21926593443,92886.5794049069,145537.03923374505
280,27483.747205325933,15669.523184628266,95770.22023501007,23583.737012506277,78198.17608739625,168383.6140781877,205609.48281032755,47145.19928813929,130408.40601603517,238386.16364485095
281,51815.343433934875,72910.25736548744,84558.20537157371,240971.50558908368,163234.73608356883,169376.07384841668,107127.33867158704,44658.89802020724,123981.12455079686,50221.34162135683
282,49938.00600642982,134808.98933930838,135810.4520917036,19775.634255881698,45347.01417552869,106869.13539033297,64000.42017894225,158158.66554238528,89622.90918358152,79203.07034047059
283,217294.59740547635,223516.90679135825,61237.8994625225,96068.35034589344,48590.24924848999,46977.20584261534,91558.18738445816,198144.32324812262,69463.55301399567,49769.73507027094
284,218424.15268040448,166601.96256969814,39722.79491846226,147587.76595075722,138627.14132581986,31670.01504439033,126030.56726559067,175136.82178057003,80257.10906035174,99206.4029359545
285,61886.37247344325,163003.36779691282,128321.47244962618,64579.05700814053,80875.78443537289,32099.14343334104,94998.27181744172,139052.06337537433,198724.35923806415,169301.5943674644
286,227775.13629171712,337541.34704487934,119384.09212711196,111291.88953065581,153058.06641240985,198432.95032964688,92054.21168718269,149728.29339591393,60675.13892093946,176478.36046259257
287,77648.43190477989,181985.99392439032,49994.78937053762,56076.638447413054,164661.40357912728,85516.44073995033,77409.53317967332,66636.6115183812,152079.2662907712,151446.62663312344
288,43052.18746614994,80579.44118362821,156112.3015583879,58881.53677181789,156942.3036664277,110678.3941426074,128870.6836895359,142510.40321306072,147107.21845806137,6912.405691951912
289,152642.3724864242,124043.88158118156,253939.06408029338,52755.20951407809,127316.81276779866,100040.90530871793,244988.16078601172,39949.89123541941,80499.22162846365,236959.16490985823
290,141324.7111908818,51533.997087434815,148501.27190476947,59841.68659133169,42288.356225803414,92027.06566671623,128497.55431437024,162537.12166671533,32780.27461532254,233556.14031523673
291,195498.22674202957,122016.03921983323,60703.10922695886,130428.57310404813,75617.0522467493,189751.31775587713,38438.32716570034,105778.29487936445,188946.3835710775,130679.70659216912
292,121055.50224932868,159508.4710322658,112271.66165916744,98363.8772953727,289516.52927494247,165306.80486843223,63824.813979337676,224068.0823411552,208626.25270726313,131811.26384299502
293,161382.70344931484,208699.10239711235,4104.4109598049645,62794.14357643116,115561.83246907433,90701.4986575336,123939.0525097284,25508.086557606417,107417.71788677221,212974.60716869417
294,269736.23138661805,113555.38293234944,55308.78816057937,137604.2494572059,132002.46735230356,128516.01508139829,91136.91831434867,56175.323943390424,138995.95159969613,60967.21077399041
295,136734.5667198353,195553.5705540751,129038.28279787113,127493.57623149002,37918.59029333867,147526.3401596167,13345.296826158712,93971.21611604521,157276.31838210917,270729.77159360895
296,84400.44913125712,282866.85042179044,125039.9865897296,113394.42431217672,92938.30273237459,134492.75013911555,145199.63859571915,89532.11139158497,77609.74036349676,129009.20846001638
297,38464.59049735609,40917.2715606901,42232.92002494122,20474.23504710177,126734.44190523321,146385.3152448778,92505.05361695182,19490.3732721838,53012.29455481298,163231.0726883997
298,91940.55205849017,164128.98319487137,148464.7958103518,186337.65814561796,66276.67123384587,113251.16548616475,120660.24522133934,46039.87728651088,121456.3130447916,133108.986228402
299,251457.98075873352,85150.60501156676,140264.04453699407,56492.28959152397,105795.37978586619,165800.529778535,112186.39235030381,83261.31325856382,130320.48720124393,89654.90374347453
300,99908.61206927823,104638.72328690295,75966.6412196982,105797.03185218804,129754.22114087181,134177.55161884564,51984.57406099228,175198.68759606304,115586.94454481454,136337.85491846292
301,71031.4887015361,42833.57229694595,39780.68513894601,138560.00873645462,244789.03040377802,139327.86659541188,103236.30835769307,191148.97209703387,142915.01854484467,18384.870143901575
302,156363.48718721067,97418.41610078579,73450.74721146194,111640.81377174926,67654.91502194178,205015.45396151717,151682.0555661232,56970.14993469322,144485.88848971788,187785.2722943037
303,118360.82252711746,199007.90851039995,55564.65494916162,52397.99944863103,28319.39934727221,121065.1985747906,148467.20825611573,210299.30741712978,41036.2174802475,61491.30249756227
304,74422.52507150985,194203.74762248955,255112.15673387112,183407.7931241118,96634.99929945645,155951.26334233826,120633.80317607515,271857.50269961805,88451.98167069252,176111.74354243738
305,18410.413440729186,241278.37035083558,134949.56825317474,95165.22506564934,136014.94574825247,329727.7862892284,258054.3442385568,55871.223519738225,141390.35840980132,158297.76066078153
306,159179.69607623265,194315.69672171044,272456.6555525791,2403.7879730253894,45621.44610229162,106767.36978594035,162143.9779237862,55373.787835723684,204725.63399475362,171052.76217694712
307,99334.6073819243,103991.95006883051,150180.71423226487,318844.0651026171,21668.339349302703,87316.6172326067,79999.0472649486,200065.7392564688,59708.05804294937,151657.84620059712
308,44206.66061448927,103371.70932152687,94434.23144513619,96964.3320457904,96161.1368848678,207227.05732117288,30247.769550205034,28002.272125904412,161751.65312263783,159875.21740501304
309,113570.52475955631,328403.2437954884,76205.86248063654,185625.03046199927,147704.585575272,102229.06140638901,161265.96546983483,117014.03003373805,31526.89667147417,25828.44592232975
310,128973.81999637595,34181.17124890627,160155.76383819577,125818.3413419844,205331.0403528938,179461.18958451413,182796.014571012,118261.66055659481,86465.57811849592,110303.85548047083
311,180394.06077479848,58890.55880176728,80853.16625790457,92548.69577054885,181413.05399668793,37793.942468007124,132291.68661995232,249449.53309139382,162035.68577933122,105314.50583281506
312,143622.41573210523,86505.45671753009,246653.64409899843,113472.77966048503,53085.124725997215,61667.78852473434,88602.14480122444,120791.04751574811,160345.46047555318,257270.3690842246
313,103834.9240093682,130144.1835973319,98420.36554653649,135999.03928177594,87869.86566085352,91446.7311547709,84414.70883540735,123587.59668907423,196942.9629951298,252773.702535621
314,92099.53343932511,140764.32507153592,115942.08059765196,167068.52976539053,63517.82774880651,69249.4302350331,94543.04166613841,144872.73670762323,125226.5612136581,55887.74168317779
315,48199.890204551455,144537.42735966505,89324.43076618003,153642.56323892466,170456.11435970204,62011.77205552516,102954.44819137115,172783.57172626318,227116.4590979257,108119.64088193688
316,25390.539069008028,78831.86149344244,175130.677175858,185918.71853159892,163697.60834076483,73560.33125686418,241173.2471971661,156953.1848790507,97057.30644686599,69927.27272913531
317,85534.77404544201,63977.706046137486,77841.56007429487,49025.36175570204,290943.7987034697,90248.18499605112,72915.20494563709,199053.61616315378,66451.0177221704,216590.04626780198
318,43736.689611234746,148771.54071877617,200972.46179945127,87350.91340626757,244478.0151215577,157291.34558490518,99539.57351815919,158751.32857075328,133281.23293335416,136219.35924734123
319,164076.64222031122,33675.415315856575,181744.0179974948,199712.73224398066,148369.3499295452,274059.5939803868,109811.2627572958,169466.6054629874,302436.8164964955,158971.86905928585
320,77572.4573183387,61638.92211254961,74319.49756635359,120554.19106228168,115595.5308156386,133209.35305139903,161811.15375361944,410561.7194792854,38277.92604651468,221147.88550119803
321,133656.4634201383,244648.90987119495,140396.61094303886,90223.25064244447,103149.50301619287,115997.9691619602,130081.44219402566,41427.50693566596,238826.40602624297,117819.3907260248
322,100881.92647561987,126177.37452158028,245647.98810425133,69799.7934637418,282380.7931138229,61973.388656211464,196330.70694917612,141985.27020823525,133319.30936162997,75078.15268756817
323,171514.91786899677,90455.57540351537,183532.66176130762,125240.56459132826,122427.62663771419,116983.20726083581,84225.17283708756,196532.99399360165,18667.559499154886,108359.9192328153
324,166364.72375014244,157024.87826070495,57330.396808546306,66483.66362253825,336727.865551218,123543.45715477156,87571.42826731726,147586.06858205254,225393.31906718804,111888.42086107947
325,109613.1202050981,115037.61604435205,178359.11381823727,75289.6152420876,71364.10273955381,225483.37984348717,16352.473051007113,290966.858866186,103745.50316150473,56670.46505266505
326,90466.73230050113,121562.70190880718,108403.72147325781,139969.66410061636,167594.94874630877,43689.79260515889,115003.65471244605,95960.65759630893,130261.74526791171,305867.51999253634
327,146728.66137278237,175685.37644695,163331.3344189,65718.74184964641,66145.599010094,321098.01946169155,22674.548490526766,46061.98371689202,84959.0029374715,60076.30545229497
328,130099.96386854559,153677.5819594779,69663.6180177458,104615.80874133139,163758.90825033802,50773.90029059889,122159.17151575422,136063.93227075084,38582.42123300674,109837.12389302514
329,229648.91600763705,99423.51872906367,92433.74247317924,67033.52367164839,303430.7640544649,87904.85142822951,272342.96762228763,169915.51547794326,28034.401070831762,43899.3777896912
330,166059.5980690058,54270.940302937204,81496.72898031506,163494.23332211262,135040.5753656453,115106.26260802353,78029.71526919778,296039.68624778144,57084.66282664384,166007.31703285535
331,64953.17104359344,48689.907723030905,242364.5732406601,55815.23576395502,112198.73348962486,107273.28819689201,62743.168760446235,117197.04871325225,107346.73708409548,213720.2327895654
332,106460.66929134162,97503.33863034254,105138.51615517956,61485.52376937178,110663.71842218706,173831.57989613953,37226.48501636403,60101.37011823155,99768.38937944826,65785.47587202695
333,57144.48578419136,122888.52079652407,23679.033336597517,173084.88936927522,80907.24603052229,90306.70563285092,38981.16750519251,86014.86935004217,150178.4607956609,178912.5593491588
334,100382.29773197777,63841.5199376761,66248.65186748584,135177.27005758314,186132.3782338547,13511.506183378615,114153.39320968835,316704.07364773506,143714.3777247041,165961.85413699626
335,58700.97564284542,267541.6483403223,112240.187408799,186062.72974929644,207353.47382297,114581.89104214177,174437.0434434454,104846.46722894338,142375.67519975986,31973.625520901875
336,169424.39157857248,102116.19799092348,94571.59071050501,180625.49790555588,144165.5243497101,137165.58448410436,129576.10293188714,115420.48473604493,170024.4842346835,125350.73410420404
337,145589.59473587075,142819.18300990626,111396.48457251805,139095.8537736797,162235.04313605168,52995.584513669804,123519.76607493186,28154.060616545,61551.24821766997,35866.12074820014
338,194940.10939002383,178677.31602464526,132912.1286242856,55367.0299361618,26244.642780541828,120136.40715467163,63297.47356601899,81792.86045506527,191280.494991342,105194.17241927877
339,83475.82610544743,182675.14992295392,83817.46767562076,124991.92430175302,109710.74566071932,158532.4460082827,87080.66685816974,204605.75709270092,110989.73168115434,197265.2929320173
340,310307.49967028043,182928.96814602916,109322.32620002975,70865.01091130105,81219.234182157,104531.88292275574,136210.4358305245,18495.51195777414,322971.14669638406,107824.92680181576
341,40082.90812631403,86290.83664471343,75647.24649414336,124665.32054832036,147081.82079837815,59108.9059550457,194034.53538592136,27494.92390474074,135709.17646920466,147924.90287520923
342,46977.18236529168,144114.675987381,37553.650686712695,95934.10321574743,134630.48665461747,142380.1151315242,81383.10018718788,159575.64605222503,81260.85046120186,57310.7037303192
343,77347.13257118691,162268.56311926225,125334.03236066621,96513.5203481968,192119.60082734283,130116.92084800343,182197.5981546571,123955.6283854057,103882.67674239405,201519.72431964453
344,153371.84958652026,33030.85157065565,84490.9061258303,64934.1423859397,138024.22789836,254724.68331146194,298670.31003849034,193000.9426125851,90107.36510015621,236936.600368804
345,38130.081904169194,59694.63282365957,167055.61505847765,157948.94378649205,265188.25389293313,23515.56926545107,159748.96817618923,22962.677425302056,177603.54753028354,119943.504175813
346,72903.17632060073,143758.84572361174,140267.04373074614,94884.79448783085,35218.44676563769,33214.24668931558,81354.10230158456,161140.7663651983,64163.17706970792,100120.62752236538
347,99824.09319418938,69627.3730553322,162123.93475151516,33497.51935902147,102253.80676469201,134209.95825467035,67924.66378136187,54644.99946529527,111015.24825969982,48245.01598265191
348,164580.80856597493,110453.81183777284,146618.9653661679,38838.1218795567,42918.98436611062,196673.4449146551,38719.15561473566,187190.7942675365,125797.713352898,32819.466078776466
349,284000.11755210266,213305.5945564695,151551.40787497573,135191.94791725432,85506.646836177,118904.44007813079,222358.5493429669,164762.94706000964,130217.98168351273,36905.39698692858
350,103822.56418047532,183282.72659801735,119452.14951437777,114933.07023287284,111672.67780356604,104479.75091445209,108975.42664559792,184435.87582051227,149116.11611592383,3976.9306605501397
351,100433.3067338376,33164.20708716176,182425.822203397,123095.23488143492,127664.0561161443,454239.0072952706,91580.84636954124,151465.05069546442,243034.68391956668,170514.7495944291
352,151419.78456728352,132848.13379912675,261970.71388116988,55624.52118757507,157608.4122438843,101557.21185643502,62011.39889168593,130947.2183833642,120573.31539247531,149630.0249271262
353,199404.1847048987,242338.06659623416,75672.79308373298,226933.40857140088,125556.02534740412,51373.28891420015,65432.348130448656,64704.84136146454,91424.69746685028,138665.02441148006
354,55771.0574607742,349653.7808485872,281772.11383793404,87166.65176982721,154896.19673041682,202732.67130804996,234025.44000206643,37297.363794288234,309884.72975096916,124018.9496070922
355,177063.18977829485,150739.69949376574,181639.52615239666,104085.0666229512,126225.42754786156,58841.20315426266,194366.28601368045,265240.8089301445,90345.36680223925,51235.595162239486
356,40450.42600169689,180560.69519227618,125284.73561463824,205558.87803220237,82055.4054582295,64438.07446762588,33018.45673330907,198643.42111432753,100273.09396822022,140036.80824028992
357,181599.0598429487,240237.94792702954,53577.58140264574,48110.93055637735,63496.038777096604,191287.2107100613,80503.09482062135,150548.22241601313,103982.14946962173,55679.32024426912
358,185921.52840635373,171524.2855328935,192734.7885167365,137850.48237434964,63472.68334771494,43292.15245916855,55843.06659438231,22352.267866161088,143303.87258309455,149850.6740497377
359,105032.29093596863,172918.13924538856,146958.81623147888,122471.87481126077,168720.2099382798,189283.03972756327,59916.81466053698,238707.0409335269,136846.33356805972,61450.50129386759
360,128936.10661082403,60029.12558331425,113129.18642330651,27303.849546203055,46717.52284099959,139759.08483330326,125966.28489723799,51290.482876353984,156282.49057618895,176103.25341786692
361,98461.9585210762,68342.6887208024,112947.48719528364,163987.86225609563,258494.66734694046,137153.7147332992,113658.02310690777,36125.41550376057,26720.439317230175,95507.80539691514
362,134366.19023872266,97698.19810833612,107298.90145179206,71863.44232783439,23823.795648236042,133294.79066084916,172474.67691267995,215902.6436315286,151627.54502374708,140265.54531923012
363,64306.07640934779,77168.91377833558,42979.26396880367,60119.55622598975,191748.39699341066,182388.85784360746,133501.57755870128,150287.08742360413,204891.26191809576,157351.6536464905
364,60998.423958292646,59133.58120420064,56120.61497595222,163458.69627720822,126487.18864703788,231231.0358503957,182495.89871215314,134718.67869153657,206534.91337043492,248272.02720421125
365,35246.04773212693,45980.17439101987,56749.59568366109,4641.165218669586,316734.88926903607,96856.48302092949,136878.5690331656,44487.000147529994,87656.44124992486,127283.0532013177
366,137318.47903521982,42344.26721247407,47455.55933821394,117233.6946410138,183106.81731605402,185192.19257323383,121743.59110336272,68271.72238062938,69829.93595805982,168985.67307930638
367,98448.73353112112,105936.30323560977,192524.13146178416,192608.3460646418,106360.66819943147,222881.92639731636,228451.07465048184,160611.17982975364,154605.78220786055,194005.52204854714
368,77523.94349533765,106239.25244070981,116852.55095045517,297948.16753396974,69226.14171098938,59570.940685687085,253977.61756549016,108422.41518224306,161907.5720356083,111762.57434110067
369,46118.99787101194,171077.99899195778,66203.10727745126,27743.44334174877,192108.0876559518,196285.7535205863,141354.90766097352,120649.73083052888,100291.20109490366,331951.4699858139
370,216083.69623587854,131963.80149826323,86732.48059897285,135587.71428994354,214729.41409270398,70044.32173326108,311844.1711961253,33044.55361697179,45665.32940065018,153479.906488291
371,86392.3780761179,162172.63622845567,167195.11251336627,161152.90821983834,160096.19700193556,51608.003297380696,107063.47417425182,165661.84922554795,182258.9909613794,135167.13839844213
372,144421.87766686457,240508.59187139312,76223.42326985432,185746.39053929987,98978.19550520125,53241.2530595061,173054.0395075791,86152.2680791623,277826.18361221714,108212.24671008531
373,71274.40309496643,185734.81249708086,72068.82956388219,238447.58031467002,85857.11943970651,45040.35486931959,112866.48170441283,117440.31188517276,156300.38915279097,269501.5702555913
374,83197.45225757774,191000.56192325862,198463.99255105943,95169.21944426169,28742.2324590135,82684.06077065303,205935.77915048672,99531.43842788854,95077.45731162728,56306.89742822547
375,153497.20576937357,170965.7094145078,138891.08368236385,85404.15589898851,122335.08223238155,96883.21757399783,64590.715946422766,41871.675635605425,172514.81465767362,55349.83066941066
376,166841.04081468287,150542.21398479817,107499.20383229462,99279.97655829154,128184.87099426845,94332.98672217947,128411.35223299665,222934.89136248548,195434.0804079283,117356.45864169304
377,210251.60413973365,162959.6381576783,71097.18796091808,110337.62852666581,135368.5450132976,44244.486897003466,117723.35809813751,65335.08500630573,39905.408029523125,178614.10792866664
378,118106.36787772222,23457.643565648792,37292.447245309195,60943.89687015464,141719.6144650334,259510.56669068104,108341.39642820663,176629.6097504473,114052.12200300142,53184.61444612959
379,175793.26854548714,121236.38334370567,93478.91648927948,173558.22689942445,108074.54897841832,190010.2922485041,182884.67621131087,78171.88687203435,110376.71355329858,93805.87844171429
380,66807.11647137313,241813.25804050322,245017.075306257,134903.1434437041,99915.6471280743,173279.970179824,156647.21463804663,113482.637661053,159603.38575446905,126504.06239933979
381,55426.82618868986,43411.00849209197,151648.68173766238,74404.70716981821,208203.75490796607,30657.577776334136,192890.9829349375,210738.45094705315,151027.21889790657,78171.2961484498
382,239219.02605968245,133121.82375305024,134736.21729395064,30949.91414865758,37128.50389465974,108754.819375893,36101.522655978944,12330.90719984406,140041.36990918362,113339.47322630217
383,249027.65919706374,170003.29592850813,127625.56817635991,68806.31466786674,43115.538089101414,110148.22202748676,82660.74945889544,239123.43711750003,122073.32278467406,106463.98300811491
384,137874.4615607742,45213.26174745505,77776.32999473716,106638.26041925557,182505.80435323907,165140.42899107558,93167.47225544736,181796.11799685992,124389.4064198396,163389.69281601184
385,91314.6658542452,133978.95247167166,183803.22460478486,106323.75844849148,102349.21575697052,214875.76539009612,93537.27979826927,105376.33580629973,92686.41926870984,139923.48951886245
386,36702.99498560215,179986.52310802473,103405.71006931654,66050.2627541141,162002.42061245715,168422.65547814098,118842.62955643321,34971.79192782963,116972.02294532512,150323.6030058627
387,101505.06679088416,58244.01555038015,96245.38360528395,32935.21096388139,73195.69438218208,128748.41560685686,70769.90690017235,149457.10280032567,156004.10937239663,87581.20651446666
388,106316.99347333107,112665.02413437296,48469.97379287194,63987.55181019756,147793.2567289934,68538.32170731876,34164.99320006545,162660.30937427699,146239.98391886154,85956.76617605478
389,53729.911463643824,46224.53808359161,165506.34618177946,79175.83586095236,273466.75116494135,210069.5346298684,64414.223635339506,144004.74948159218,80210.3457289927,183675.02044052104
390,178401.08830321857,77524.28893923247,99269.15378345718,148672.25405720028,65113.82548809764,142461.5266034392,28182.457570060506,49368.76863462425,116060.2157412306,244481.8021710724
391,81196.69961281194,136858.2992991757,131405.56048306526,141774.99725330315,104849.84264789247,220472.3181651571,15105.369341022426,59807.972865952746,45569.832837200476,240338.66997380665
392,164217.76159498858,169412.7989677584,76850.56138803958,139207.92042426928,67628.24061123839,81764.4099608349,107022.05141134957,82991.30490084138,158707.9194946278,60357.901140709146
393,112199.78922973452,89358.58871807538,8956.633263585734,181342.8088524247,86583.9522706478,197025.0696302108,106981.71000090198,189584.62465639788,245136.56628389104,2297.847871726569
394,230741.63800952886,95300.83717098311,100094.9189993132,125501.41324963358,141443.2933508312,163401.27204945602,151963.31249513314,60539.98848687521,235322.3072426717,124807.44811565703
395,134347.59582895238,38773.774878576616,116809.4299598998,75141.70153921343,68045.69219876068,137136.8381810069,131522.424082922,167974.37660478352,140200.8332124485,59414.73217364615
396,127786.53011993953,261522.6234088233,197588.93032929886,119525.46961993283,183831.2217034933,34829.299881409286,172765.70108930068,79207.73550477825,81122.69206581189,161830.74512143777
397,158249.72364623807,88481.85616975224,113113.3254417268,118170.48816025919,90113.57728715187,89489.99292734607,127073.20000059016,286752.26528148126,73069.69597252227,235046.08958328448
398,257832.1318033107,36620.527971365154,161535.55013828952,204588.80019409326,62006.32191202171,33172.120139590035,101577.75846676584,127597.70700913866,66955.23440887796,130899.8654056734
399,104047.41518877393,169730.81170715124,190060.3564130349,88976.7667768141,77338.07930993481,85387.31667703897,208802.13775040273,105853.5458187359,31353.903006416505,26679.451456256953
400,76786.67961656906,163099.16078555817,93785.29101994303,269043.99647617264,60543.12800262663,222162.65880086602,71351.00485377185,74477.29312441753,118164.3280337655,283183.1702442836
401,187896.07845731944,137388.11928754003,39941.38006554234,146143.1906779607,213843.74360906615,258028.6058760227,172063.93516668418,129878.55461187683,65632.44125029247,76738.17802504568
402,208499.00172469337,96458.40525456521,34089.88763022487,118471.38814569813,139533.28004315664,84855.1483057781,21705.123352076043,3326.360390228339,161459.72940208053,258485.0871969223
403,110084.63005361914,58436.720894352344,99238.60753434096,151351.67241521843,56013.17881675425,27686.048979111805,55295.878202480024,134942.77052083396,78669.4112329646,200072.79774496087
404,131498.80805446173,41299.74275387189,148326.79379583083,86067.79161397256,72749.27749178877,27119.97065823976,191132.4368542584,212168.3090505839,39164.18704195121,179976.0157496789
405,155518.24931503178,32237.756492846715,101735.63338480859,77069.26680178032,120018.98145066996,64566.55804549599,22820.336293057746,50126.415955682154,26182.76669211961,9794.667297053575
406,17614.583770401438,166576.03682024835,25015.45275599872,126076.13460817737,158571.10195990812,108350.95063723777,219954.5383559156,234016.63776351433,131457.75379593033,194454.6922436498
407,149452.81560516855,135102.09781759276,198965.14878048256,86452.18331440483,159558.5581641401,51416.44730108125,137085.9224184907,73601.00628521695,36296.77128200841,177634.65009558492
408,88188.05784933195,73557.43697341117,38523.17421068363,12127.761649532702,221288.42478485615,169720.42846613206,122224.16686186341,35671.71468443861,63628.11238409464,65069.663127420514
409,176528.25094344822,51762.71502382672,48337.096586311774,102200.98721369331,205060.72682570733,100605.4634237218,213176.65618107535,32538.715774595294,149598.50623569736,182040.06755339232
410,42498.11062385826,264846.9370600239,235145.83849349443,47797.5847852902,167171.73451013825,146749.3993622176,231113.66275818352,126541.14068504398,109039.67011635438,90729.88696548286
411,44041.17083012068,66441.44022676125,85532.07931877855,120269.46531174773,158463.3510841776,64326.22472875049,135515.02525802882,77382.68002948097,228598.9803136236,2893.7597715946827
412,95653.36332564175,183494.68397882796,146523.63365852652,131483.83447387855,30911.43401890812,229170.30309311612,116155.51899203226,334654.17713187,61337.02629975037,14583.25762530286
413,149037.74191567674,49899.03660892155,120748.02404366434,106691.66333657749,146483.47137912872,77301.91932064673,84250.40734594,89563.14823925722,206776.7009650599,33065.884239860294
414,122722.41611792312,156014.7221358454,102833.93055994842,112801.47965025103,64213.52649251085,246295.354041965,77101.4592052184,79222.20170213177,48319.69949565635,91829.3279792293
415,83047.24248372596,181473.54864836254,128727.34676973762,113851.8263819968,64128.40859525237,58923.86910233304,164826.00910729053,96614.22902320304,4162.323338547657,204267.34270641897
416,48637.69818957288,195040.1527281628,34612.2008582041,219492.6084640527,204224.6612913617,265195.6178182654,209168.47626657638,87066.82971173216,210658.5684943159,46982.54370946426
417,136788.60877295322,43599.92743487147,104019.30206088533,168048.1670513504,143796.13979154662,171662.10200868224,75148.91419420116,221489.83039574095,220980.30401570452,130657.16768775266
418,129960.51212288563,195573.95966215333,117495.43418778262,79801.63921467695,45502.87787934346,78768.4314783152,85451.88079719583,194717.89993443742,103341.96556305622,130521.8154922076
419,162129.56977317907,29474.303358808265,121004.68364324674,66613.67568088495,120483.3290087231,108103.95004433216,182807.63471812697,114273.5954331872,111994.42000562006,119713.30125134732
420,82132.55125781569,227660.91792924094,43955.131867806,82318.16478734055,238396.8662510377,192947.9538241248,126667.55436299008,161593.9977234555,92598.4368371216,187415.7038503227
421,148175.44822797336,94084.68776130359,90845.84432086193,183856.30200394464,16179.507346149596,215490.9162598687,123546.93372398683,159639.64135942233,123518.32906744482,133333.05605295947
422,413357.81424777705,99866.33116049181,81120.3473699382,176138.17893319912,144030.05030601824,59894.49485242429,111811.65308116937,256796.1167217181,130307.6254820143,74274.93260426504
423,136464.39557917937,41561.91878527037,296173.7510062552,87352.60350305267,109383.65082223617,198571.92374272036,49268.48342693358,108623.49917378297,70060.59802287872,173180.8809012012
424,106062.75117005158,61291.30787161946,121699.03510565209,85769.29866527153,78328.58377859605,103801.35574195125,163713.65772962774,132278.37423905838,135920.11042339794,147158.19006205886
425,131553.2884675323,95855.35817133855,151438.22882484156,106169.31573516219,103867.61460986166,34123.138742850955,103194.08156794061,140631.12382691284,36188.809133222465,224186.63484292754
426,248159.69016814593,60172.52373669326,131155.78457439446,207945.66568405635,66562.01904255473,107390.37656008464,189631.65479860498,76718.01915651392,182702.5010150324,38781.98409984713
427,267800.68282813067,208346.3199593203,197805.18658691877,119006.51255003095,127624.81391074497,92748.64318129713,159456.2975540549,125129.66072727033,96292.61594295406,96172.98390183583
428,81977.73428783736,104751.47179987241,141371.7869926725,27106.220497471702,79448.11734472624,102127.1411926795,58948.93742200437,158787.77150838525,60226.796720373735,128377.92794442177
429,149448.9650762361,114267.14216606114,150271.38385634564,122851.51749664887,102674.48524079361,42359.50195248128,240179.07190365443,69003.83394733048,175074.04841672356,93493.4327524262
430,128205.51249850115,114188.73026118337,201027.51424133635,131433.06319760258,267793.36730290955,110328.6459140515,126630.13667287785,189524.5392714282,38582.9921497734,188751.68742756004
431,206091.1741454179,110054.44097345325,122436.81405614922,143281.9684424765,103011.30911007068,57701.24433452291,159659.1890529242,86682.02827249527,86406.35549715969,54769.31058394979
432,156169.4533094417,120343.1614533851,334084.3104787911,17659.41121223995,69994.00129427084,61918.731683782586,92885.94391719361,86677.44494248138,57326.10940338611,67727.3797571824
433,15430.76735564947,137006.5093244678,64651.54991663997,118756.29109350029,212128.19045226663,138200.50350438483,100142.01416823133,92526.3529001084,27891.34708920116,127543.14638431834
434,189041.58667521822,30813.366596362004,68171.52613483222,60941.20712122249,88880.46366232603,82868.73155638938,172783.4473958745,82851.95557903072,175451.06155804463,63474.90736948964
435,129572.1800837763,181388.3625758718,158589.27112015485,165492.83519907197,282400.4502398855,94696.20350136141,88525.65669329042,136035.39990822854,101053.86626640915,146518.64141236286
436,52918.22345227621,218718.58554300264,161568.18319267925,101351.57563450884,28668.536318814746,108987.11553849197,154735.71987020512,109872.09876670588,164696.24422269332,59155.17166186131
437,73898.79728987196,151781.76830115248,57142.92854436159,99591.77633563904,44482.422971185995,113588.60982420656,37545.44783052435,188508.01983960232,128632.175733524,149537.40678140955
438,108300.6786750902,169966.39011267122,59228.40762658347,254650.87921681817,30755.127046778856,163624.85602616202,293305.15715630125,178788.71660019472,46422.000526785996,115430.61161938896
439,91014.9640954216,74918.01328519419,92512.42302418826,164952.62146028565,83858.42240813452,196692.72507365845,30329.730633089213,80248.28682701351,183861.63468473902,122889.59444360557
440,182626.98544727443,121416.71304485021,94419.06726476763,126261.68168684008,13287.449353211005,297419.3690772117,211845.8683044774,155815.86963584783,105842.22985466232,30212.40282891222
441,243445.70209293303,136388.12590397723,98884.2789703267,154171.5353946995,129613.56033106403,19647.623187359448,195139.9591606216,145714.20978860735,181321.07555219726,150090.8779092191
442,135519.19500685588,154673.3303135567,95849.7466755651,205937.30786872885,253069.63945072336,106981.36707339268,119935.32500726472,187809.62314153602,83055.35836648941,16278.329978217796
443,148668.71904782602,69686.51841900383,67024.86188234895,141215.00587675214,84229.75790088483,168221.31450158273,50940.652805262405,140500.99929662532,146061.15155264162,137442.35932153545
444,112580.45435901545,147945.74528275593,110142.25817888507,138819.08195288567,234053.8214864524,177234.37048313543,82508.14887548384,94116.94989979142,67526.14798593645,90164.05488597896
445,206389.94883121105,160955.47803127795,108167.27573817899,244418.40322818485,193504.77099030983,171750.85751441692,49969.20352359218,163654.27340922138,127542.67251276363,194416.018333801
446,117777.67778743745,36263.213045728415,233199.38836606327,119495.32710012083,77217.91211822092,165572.6046673339,62448.80204358464,127745.904560281,123108.26383887278,98385.50594805797
447,112481.15781376998,191722.12114475615,67021.01759083565,174063.33073588874,131584.614576857,113661.45180373466,173025.77312875882,304773.9029181902,64179.243648159754,108026.01226593087
448,82769.52921296362,131617.14803979782,202858.55368475613,169094.22788435442,196177.5340486006,57577.79490190824,91725.04916032132,110270.00403249498,231104.13065712235,118759.30518429985
449,156930.0263802665,118147.00468742436,20371.55727740144,128989.43863428035,111394.94291739316,94657.28551063151,147213.1331723872,95826.99086263521,81828.73166281577,41626.07848600046
450,144100.809187046,128696.41888324947,138825.34532746804,198442.62819460215,84678.52273006442,120171.23097550002,54670.08261408733,94454.9830006009,94446.16868429119,55300.852739139926
451,23843.95837320944,70920.56547754396,59193.91336244337,174555.3871716368,107030.15570405954,41145.21955944279,96231.4708039817,73909.36604659731,74408.58727916192,82279.7611509455
452,97354.77141102652,16540.155485728374,80806.7401751503,87797.6575324489,71490.92222698391,43089.85026875915,90231.69840638054,172606.1603136127,177342.965466347,100969.16386326893
453,124587.09817214253,101903.95226787962,192834.5598717842,29091.465700136116,80822.83375555463,42828.53666579532,198487.0869259381,30028.530160135684,130696.7972605954,131166.50596852467
454,174149.2980281259,158801.42793972584,135928.2408244766,191711.6909730058,35083.729700248994,142072.44261112547,300280.5092576521,99103.04296938115,125249.47124818995,211053.85146618442
455,161438.52096148834,93341.78945759243,149353.02577115697,144855.52819450767,177435.90744346008,97834.45890088213,142398.67958191628,66358.92543776814,80030.35877846922,108400.94492547556
456,155190.79995710345,139672.73543460717,194957.4502925609,206613.43060091458,376087.34774028196,155004.07654819713,187652.1219374712,185618.49080185028,92578.01615426168,87796.08281884619
457,166545.45925892744,88894.60821827542,211776.31054692157,63779.549011616946,160505.28864577986,235857.45861730265,67110.05800982002,50189.202666968224,101322.35442167032,46948.18231991769
458,45664.21898364308,75795.94143798636,107245.61808856842,105733.83588255846,129901.62367658524,96212.96345365117,91532.91645701721,69370.89749651369,139978.53856977084,120607.11442674325
459,56039.76334711163,211959.7473182836,60437.81444924709,14021.13354152397,136533.93292231933,182499.2195594545,100311.46796702182,157358.5938338233,125876.00179129178,80868.5133144317
460,171775.91442866632,131799.61382055908,183136.46081634364,194400.51014245077,121643.94810844795,283531.6525474264,83025.72372787667,69617.9913898709,41610.18418967333,145671.1601146069
461,247607.73816078925,136188.75062258178,185348.74411932693,137454.36807281317,133326.63512095832,112193.31812701233,121189.17212587952,248525.9962296894,212283.29109529828,112858.14996301696
462,55045.944775442,54083.94051256876,90185.55440784531,174365.64354791172,140145.0630684239,67247.12632781893,138488.7895929821,86214.579227839,133101.7640414954,152631.9977070389
463,196444.41969317241,114945.43991560071,47997.59233999218,64904.09782750619,89307.81137728138,70682.65922023384,185169.7579072087,178031.70924674545,93748.71382603086,112129.43260757443
464,87018.56802785436,120102.3767003694,154225.9095195399,170643.40582055715,84133.0063277768,40456.52296518101,156867.16494189488,135927.60328615893,223336.75670697595,117767.20701472688
465,79373.18761150351,78184.47089739576,102020.89436710227,108208.08142753622,99966.73975283818,121346.44916206795,62862.847912587,43291.59221558569,137095.43107464787,39970.29016745317
466,132052.6839412985,160577.9271351677,143009.44928023146,121307.91204363407,72094.86467428043,112477.63843028691,120880.88327455513,116621.24261801978,55485.108849392214,29734.08608924489
467,194263.7083045795,108126.3635686321,195242.9254163231,225204.54682716672,197013.07773914773,140391.63566046447,81729.26961702057,212405.96381579616,167630.4740164219,147730.17952324275
468,165300.7384479834,96382.26585884878,187987.50429263184,124995.07252804165,76533.47807144608,80849.02122280131,112077.85463731043,182162.60471496687,224102.7680526801,40620.60533993051
469,147188.51479109615,95973.94771149554,136565.93654968395,178156.2274919087,86930.08101918656,217810.3797430892,146539.8831819797,115290.25221563397,156786.62156861986,110415.6725705198
470,141456.38391317826,95757.50017394719,58880.47130395255,102978.95175364515,106977.15180484646,187952.79503661956,94654.62184780791,108814.13350953693,115770.75031270603,124583.98025356408
471,121905.81401520348,125761.5301750694,44350.31500680349,176512.92561034785,161379.79129434345,60878.004626151305,88425.31913264917,170857.9343420608,73035.28004635854,199720.53532198264
472,161428.68587137182,78843.5030879014,107674.10654498586,66764.90810427068,179129.1707389211,72128.67204202522,96964.1376376035,137461.53451004456,91761.21649125362,72504.79740011651
473,112847.1005539217,136059.83511253356,166921.57130993876,139610.45460171244,78527.0703638105,71551.86933377106,137740.55271645408,272548.7796237051,145148.33925764554,198049.7607472894
474,48115.587012936456,255706.15198122626,186748.06380943867,175981.38926934128,80137.4198591253,199608.96331930606,125565.24534414172,119909.72324133606,79367.46587734096,100657.09149875416
475,277128.7580241717,170266.08098479686,113231.09619091751,148489.8153917953,195369.88832796089,77013.69869329393,59726.7141642012,108226.59222002729,50334.52131478973,42263.257362592776
476,96471.15854235887,191414.01516795345,212931.18367321137,102276.02507699246,112099.67992950432,141550.9695478552,19035.2429573778,169749.30195850797,129915.05910994307,187066.67161593164
477,156378.4800655235,134383.64503018584,37796.52236590273,210112.94049042178,12091.704713471338,29613.740677617818,102247.23645120193,109629.17519125968,53685.21789839232,304088.2152987646
478,50747.920383977485,263223.1065426781,132659.1455040761,36563.26288678603,45289.5027780684,192330.9736314218,33193.21086529129,114489.51445425437,209139.916767892,125769.58738342673
479,169023.39845384206,80980.25950595454,65639.02317585639,87693.45054453518,46023.553612791206,78150.77682980234,105880.35494312402,181229.90430730407,65390.18473258532,124656.79485344156
480,80611.18474840229,173149.41263786613,82975.7443073942,101191.7442372274,54018.09577948481,65703.0998897838,112866.58630210301,184900.73627486484,282974.05220894027,59744.542114749805
481,207679.4630602001,236509.29585432928,309496.1433774535,166514.64436814983,132235.6853634721,126614.64092330968,44595.55671473693,132208.2849207013,164996.17662970762,126376.69917245704
482,92501.65284360597,76337.93818037871,202970.98876683827,11837.536130800832,132458.86455470533,84064.9832437235,79346.79743939391,71419.41521037505,39027.29291766925,156108.38161249255
483,66633.53144742554,64250.417886186115,78793.83131180437,168507.04966914494,128620.91640274729,53166.59825506087,125183.2287510742,69762.55199032847,122985.61344278805,54945.51889025296
484,133057.32152135987,210992.27638680293,187375.76711307967,112860.48702569999,70184.9316858544,57157.26429532738,28168.437694771153,137610.53690400824,193513.6392399018,140940.4222913912
485,47255.63202329298,255709.40875703763,111650.08710096437,101186.17272089157,49061.88747515592,220938.51737704215,36328.62907607992,24436.64577253424,56682.47196578248,102712.49905741357
486,82024.20051970873,214262.7867752427,68797.75245282479,265074.3805804554,16279.886807369317,49884.76207080798,204262.90541971294,229041.33161172408,81082.32820368226,58888.67316224784
487,123851.70046593706,63184.31266215007,152196.4759057497,30898.88925862912,116948.02775689158,99220.7385356015,56587.55935717446,262119.3381871677,57401.5973960286,108956.45866786693
488,122621.05601468455,204393.85625672888,122097.3945113443,168519.823326447,13325.464086277567,106351.0422136735,213250.34721162138,76600.49867639631,176623.00508388726,43413.01999891719
489,91113.92178119351,208678.32774435598,70637.62605538152,31477.402597128104,122528.24332709672,242233.74485234087,140266.4706924944,97421.41013723104,81135.98233282358,214961.2137343803
490,180125.4087545018,105586.14782182637,197225.17272920263,259809.10930440566,107484.54078628313,58235.109901415315,37605.201145469575,87027.32589555239,205887.2109591211,13780.885492055026
491,101138.91027321672,130579.40784961512,129464.57586433606,47205.25932781632,273012.17919481604,34332.450442021516,73830.53870761559,108193.45065089395,112115.0952656031,242497.0795562569
492,75968.64352513307,116238.39128671959,123697.59369919031,134232.89874656528,87316.84465949108,118498.73738996447,109031.39126096749,76438.01458296739,194738.7792038003,62457.74399651163
493,283435.4806495868,106061.69651811922,110682.39501035759,166936.36931285026,61208.63347855001,94167.25380900699,152814.16099397012,246211.01780947126,175035.32042442923,210383.94984630545
494,204238.668667099,4995.355448726544,107535.62091666576,201481.69692108163,50119.130145802555,101941.20759901969,201299.3841163108,132571.99541231478,55885.733447750616,112465.01032932698
495,94229.96165706177,134182.46262334695,77409.68962859725,78622.85316971848,126774.45406310575,113852.95076628005,210928.14308618288,42627.87455821255,115505.15331878414,117291.44562073222
496,105102.8389582617,81436.5972810082,53346.13775555263,131972.7807711437,164968.13872226217,147802.12678952576,147215.6187328463,81890.04379976258,176770.6089977104,207882.0972988121
497,61723.60660007274,108466.35682468832,42009.98455841604,141298.0432993108,133757.79503866326,127827.61587527883,185531.05429973663,156035.71589331733,109268.0822481711,142110.95629914358
498,90263.53488571168,65112.068273257944,163428.43940856316,372704.671879924,126049.66038815527,157865.4461327067,208761.69836990093,77892.33529674402,97935.52447373066,45673.81564999262
499,302017.6198856389,109626.21585924162,112203.08828244789,101194.50525750405,111274.70784268886,249697.0297473406,132480.0037728141,70376.80131260792,159222.56474034346,125190.04435870652
